time,ActiveBiomass,Biomass,Carotene,Chlorophyll,Light,Lutein,Nitrate,Nitrogen_quota,Phosphate,Phosphate_quota,Starch,Starch_concentration,TAG,Protein,Carbohydrate,Lipid,Chlorophyll_concentration,Carotene_concentration,Lutein_concentration
0.0,0.05718504,0.066,0.00716,0.0607,0.0,0.0026,5.0,5.15,0.13,0.28,0.05,0.0033000000000000004,0.0131,0.2087513892,0.2537889404,0.1256078068,0.0040062,0.00047256,0.0001716
0.020833333333333332,0.057552155807584375,0.06636163292687595,0.0071251551518974575,0.06036943198614746,0.0,0.0026093783523177265,4.999482070160015,5.1297531049783816,0.12986955240676104,0.2804395859733168,0.04961744942839891,0.0032926786652951383,0.013028658303435433,0.208946650152511,0.2540263283782509,0.1257252972755967,0.004006214085468722,0.0004728369307372582,0.00017316260838384537
0.041666666666666664,0.05792172051249678,0.06672569884319379,0.00709046194903758,0.06004034605132669,0.0,0.0026186886726794947,4.998946625349304,5.109807065071036,0.12973841738194064,0.2808743533246948,0.049236958692603756,0.0032853310952351174,0.01295763646247741,0.20914101110983427,0.25426262218977114,0.1258422462150528,0.004006234049061964,0.0004731160286706064,0.00017473383173729484
0.0625,0.05829373837787184,0.06709220220101257,0.007055919156352429,0.05971272996399126,0.0,0.0026279316159236966,4.998393716927608,5.090156744172811,0.12960659484802287,0.2813043433795241,0.04885851181881169,0.0032779574662609697,0.012886931837368781,0.2093344669966534,0.2544978156642583,0.1259586505644994,0.004006258552718564,0.0004733971547519952,0.00017631371934598636
0.08333333333333333,0.0586682191868303,0.06746115289170007,0.007021526052621123,0.059386576374137384,0.0,0.0026371076943596922,4.997823387434739,5.070797391467387,0.12947408277738404,0.28172959060196573,0.04848209850565769,0.003270557846524536,0.012816542841864894,0.20952701581271205,0.2547319063699061,0.1260745091203622,0.004006286908490305,0.00047368024256892884,0.00017790232536107786
0.10416666666666666,0.05904517488641559,0.06783256294060949,0.006987282114040924,0.059061879809704364,0.0,0.0026462173639886987,4.997235675223144,5.051724448040349,0.12934087838764147,0.282150126678307,0.04810771064181421,0.003263132263448979,0.012746468295010319,0.20971865677314017,0.25496489335251105,0.126189821410377,0.004006318679582484,0.00047396525378447593,0.00017949970589729714
0.12499999999999999,0.05942461856738742,0.06820644550236228,0.006953186915869479,0.05873863574280243,0.0,0.0026552610513939914,4.996630615865376,5.032933485360887,0.12920697850536264,0.28256598179387415,0.047735341222799064,0.003255680724332726,0.012676707219616326,0.2099093897356781,0.2551967764391212,0.1263045873489447,0.004006353557674563,0.0004742521644449901,0.00018110591819644944
0.14583333333333331,0.059806564032864266,0.06858281443607468,0.006919240090135211,0.058416840188171115,0.0,0.0026642391653397958,4.996008242752165,5.014420177987155,0.12907237972003932,0.28297718518511783,0.0473649838849557,0.0032482032250962085,0.01260725875560199,0.21009921495520786,0.25542755593960875,0.12641880708943046,0.00400639131056717,0.00047454095914039186,0.00018272102028982172
0.16666666666666666,0.06019102558059581,0.0689616840909766,0.006885441303987927,0.05809648949758725,0.0,0.002673152102728163,4.995368587397827,4.996180288988024,0.12893707846194455,0.28338376542373955,0.04699663266673771,0.003240699754720359,0.012538122115624252,0.21028813295802998,0.2556572324938221,0.12653248094851452,0.004006431755527352,0.0004748316280325774,0.0001843450708354694
0.1875,0.060578017879889576,0.06934306918524763,0.006851790247307955,0.05777758024217801,0.0,0.002682000252019441,4.994711679616346,4.978209661124556,0.12880107104625454,0.2837857505801289,0.046630281872001175,0.003233170297773514,0.012469296559679256,0.21047614446963098,0.2558858069837696,0.12664560936272942,0.004006474744089546,0.00047512416516188054,0.00018597812903063568
0.20833333333333334,0.060967555896312364,0.0697269847319016,0.00681828662503982,0.05746010913959591,0.0,0.002690783995355626,4.99403754763228,4.960504211001443,0.12866435370013932,0.28418316832496715,0.04626592598537155,0.0032256148359722076,0.012400781379385582,0.21066325036966704,0.2561132804788908,0.12675819286137313,0.004006520152670004,0.00047541856740188044,0.00018762025456100693
0.22916666666666669,0.061359654842847645,0.07011344599072375,0.006784930152168677,0.057144073006290326,0.0,0.0026995037099566406,4.9933462181556285,4.943059924898842,0.12852692258042017,0.2845760459961095,0.04590355961675319,0.003218033349206305,0.012332575887683717,0.2108494516621416,0.2563396541998003,0.1268702320485646,0.004006567876416511,0.0004757148337749116,0.0001892715075698033
0.25,0.061754330146763216,0.07050246843567877,0.006751720550280729,0.05682946872482282,0.0,0.002708159769079912,4.992637716435271,4.925872855624366,0.12838877378562535,0.28496441064457834,0.04554317746331238,0.0032104258162457136,0.012264679411782166,0.21103474945467585,0.25656492949308557,0.1269817275907706,0.0040066178249882145,0.0004760129649826908,0.0001909319486383316
0.2708333333333333,0.06215159742633143,0.07089406773202082,0.006718657545125801,0.05651629322070091,0.0,0.0027167525427031582,4.991912066298955,4.9089391200199834,0.1282499033645329,0.2853482890672923,0.04518477428251888,0.0032027922152472036,0.012197091288157835,0.2112191449435285,0.2567891078130948,0.127092680207792,0.004006669919551119,0.0004763129630724013,0.0001926016387735375
0.29166666666666663,0.06255147247400605,0.07128825971976155,0.00668574086484213,0.05620454344550202,0.0,0.0027252823980239128,4.99116929018445,4.892254896908814,0.12811030732241152,0.2857277078310007,0.044828344872498184,0.003195132524130138,0.012129810858913924,0.21140263940241252,0.2570121907083412,0.1272030906660347,0.004006724090573569,0.00047661483119188896,0.00019428063940002326
0.31249999999999994,0.0629539712439871,0.07168506040145878,0.006652970238634638,0.055894216364305756,0.0,0.0027337496998333325,4.990409409164658,4.875816425349086,0.12796998162569806,0.2861026932901759,0.04447388405739191,0.0031874467208630793,0.012062837469067606,0.21158523417391387,0.25723417981107005,0.12731295977334614,0.004006780276167464,0.0004769185734056317,0.00019596901235502225
0.33333333333333326,0.06335910984285995,0.07208448593303263,0.006620345395773261,0.05558530894616675,0.0,0.0027421548108011594,4.9896324429684515,4.859620003109572,0.12782892220558034,0.28647327160062874,0.044121386676252185,0.003179734783687928,0.011996170464493949,0.21176693066274652,0.2574550768290586,0.12742228837495687,0.004006838420813229,0.00047722419455343494,0.0001976668198853939
0.3541666666666666,0.06376690452244452,0.07248655261675802,0.006587866064822978,0.05527781815678867,0.0,0.002750498091696261,4.988838409998431,4.84366198530951,0.12768712496079362,0.2868394687300187,0.04377084757449686,0.003171996691299165,0.011929809190344797,0.21194773033033903,0.2576748835390346,0.12753107735022307,0.004006898474361644,0.0004775317001399454,0.00019937412464603353
0.3749999999999999,0.06417737167427,0.07289127689585762,0.006555531973045241,0.054971740952826934,0.0,0.0027587799015594615,4.9880273273463684,4.827938783183716,0.12754458575983976,0.28720131046606323,0.04342226159725746,0.003164232422990091,0.01186375298981929,0.21212763469040816,0.25789360178129517,0.12763932760996333,0.004006960391239864,0.00047784109624688845,0.00020109098969929752
0.3958333333333332,0.06459052782526789,0.07329867535029425,0.0065233428459286645,0.05466707427741988,0.0,0.002767000597840358,4.987199210806897,4.812446862945268,0.12740130044277442,0.28755882242300634,0.04307562358415641,0.0031564419587743614,0.011798001203199312,0.21230664530528004,0.25811123345523423,0.12774704009424498,0.004007024129811021,0.0004781523894623897,0.0002028174785151705
0.4166666666666665,0.06500638963439531,0.07370876469348016,0.006491298406818861,0.05436381505666164,0.0,0.0027751605365065055,4.986354074889834,4.797182744725817,0.12725726482266506,0.28791203004675064,0.042730928365178486,0.0031486252794886748,0.011732553167088388,0.21248476378278294,0.2583277805155645,0.12785421577051442,0.0040070896518513465,0.0004784655868233741,0.00020455365497199017
0.43749999999999983,0.06542497388997798,0.07412156176969453,0.006459398376625386,0.05406196019680787,0.0,0.002783260072131083,4.98549193283142,4.782143001578846,0.1271124746867953,0.2882609586189499,0.04238817075739559,0.0031407823668809136,0.011667408213808584,0.21266199177358963,0.25854324496908704,0.12796085563199802,0.004007156922118462,0.00047878069576810317,0.0002062995833575885
0.45833333333333315,0.06584629750761956,0.07453708355205842,0.006427642473589458,0.05376150658205924,0.0,0.00279129955796362,4.984612796604681,4.767324258534843,0.12696692579767055,0.28860563326028016,0.04204734556236162,0.0031329132036868935,0.011602565670922138,0.21283833096891636,0.25875762887189346,0.1280669606963176,0.004007225907991488,0.0004790977240966969,0.00020805532837075806
0.47916666666666646,0.06627037752856042,0.07495534714095341,0.006396030413100159,0.05346245107280533,0.0,0.0027992793459871916,4.983716676929077,4.7527231917000705,0.1268206138938663,0.2889460789330559,0.04170844756404323,0.003125017773698076,0.011538024860852524,0.21301378309850322,0.25897093432691065,0.12817253200427514,0.0040072965791683604,0.00047941667993801803,0.00020982095512297097
0.4999999999999998,0.06669723111839847,0.07537636976279595,0.006364561907549708,0.053164790504239764,0.0,0.0028071997869647484,4.982803583279546,4.738336527392414,0.1266735346907508,0.2892823204433189,0.04137147152718131,0.003117096061822051,0.01147378510058549,0.21318834992882893,0.2591831634817303,0.1282775706187786,0.00400736890740916,0.0004797375717216727,0.00021159652914029688
0.5208333333333331,0.06712687556610468,0.07580016876910241,0.006333236666220459,0.05286852168527706,0.0,0.0028150612304765933,4.981873523895048,4.724161041309255,0.12652568388110605,0.28961438244249965,0.04103641219600248,0.003109148054137183,0.011409845701435379,0.21336203326151398,0.2593943185266677,0.12838207762388112,0.004007442866316951,0.0004800604081541783,0.00021338211636548287
0.5416666666666665,0.06755932828327892,0.07622676163579063,0.006302054395197954,0.052573641397716746,0.0,0.002822864024950636,4.9809265057866625,4.7101935577233665,0.1263770571356671,0.28994228942872713,0.04070326429321806,0.0031011737379424958,0.011346205968864712,0.21353483493188097,0.25960440169301147,0.12848605412391476,0.004007518431149289,0.00048038519819854113,0.00021517778316016068
0.5624999999999999,0.06799460680360639,0.07665616596267992,0.006271014797305519,0.052280146395612244,0.0,0.0028306085176866727,4.979962534745319,4.69643094870356,0.1262276501035927,0.29026606574785047,0.04037202251925901,0.003093173101803651,0.01128286520234793,0.2137067568076447,0.2598134152514307,0.12858950124270221,0.004007595578655255,0.0004807119510566734,0.000216983596307165
0.5833333333333333,0.0684327287824804,0.07708839947315392,0.006240117572056705,0.05198803340480925,0.0,0.0028382950548757327,4.978981615349187,4.682870133357538,0.1260774584128813,0.2905857355942205,0.040042681551708634,0.0030851461355956965,0.011219822695271844,0.21387780078771493,0.26002136151051997,0.12869242012283663,0.004007674286933606,0.0004810406761541546,0.0002187996230129378
0.6041666666666666,0.06887371199676591,0.07752348001396293,0.006209362415622732,0.051697299122626585,0.0,0.0028459239816152784,4.977983750970772,4.669508077094723,0.12592647767074028,0.29090132301127214,0.03971523604489793,0.0030770928305431317,0.01115707773486669,0.21404796880109192,0.2602282428154561,0.12879481192501677,0.004007754535308806,0.00048137138312698144,0.00022062593091000984
0.625,0.06931757434468089,0.07796142555514242,0.006178749020812509,0.05140794021765653,0.0,0.0028534956419209757,4.976968943783753,4.656341790907394,0.12577470346391728,0.2912128518919396,0.039389680629640836,0.0030690131792577334,0.011094629602163095,0.2142172628058412,0.2604340615467519,0.12889667782743036,0.0040078363042220415,0.0004817040818099835,0.0002224625880595455
0.6458333333333334,0.06976433384577993,0.07840225419003238,0.0061482770770633355,0.051119953329666214,0.0,0.0028610103787355323,4.975937194769556,4.643368330668561,0.1256221313589991,0.29152034597893095,0.03906600991308467,0.0030609071757744777,0.011032477571970775,0.21438568478813805,0.26063882011909484,0.12899801902517896,0.004007919575135083,0.00048203878222666897,0.00022430966295394403
0.6666666666666667,0.07021400864102462,0.07884598413538182,0.0061179462704405935,0.05083333506958495,0.0,0.002868468533935097,4.974888503723733,4.630584796445399,0.12546875690268378,0.29182382886488434,0.038744218478658804,0.003052774815585896,0.010970620912875807,0.2145532367613733,0.26084252098025923,0.12909883672974012,0.004008004330445044,0.00048237549458027745,0.0002261672245194886
0.6875000000000001,0.07066661699292905,0.07929263373152791,0.006087756283645179,0.05054808201956463,0.0,0.0028758704483335786,4.973822869262112,4.617988331827147,0.12531457562203052,0.2921233239924239,0.03842430088610865,0.0030446160956750707,0.010909058887253633,0.21471992076530969,0.2610451666100812,0.12919913216845946,0.00400809055340857,0.0004827142292458847,0.0002280353421190394
0.7083333333333335,0.07112217728577072,0.07974222144263975,0.006057706796027508,0.050264190733102274,0.0,0.0028832164616851975,4.972740288826777,4.605576123266601,0.12515958302469032,0.2924188546541316,0.03810625167159913,0.003036431014547476,0.010847790751295534,0.21488573886528406,0.26124675951948845,0.129298906584071,0.004008178228074122,0.0004830549967634093,0.00022991408555476527
0.7291666666666669,0.0715807080258584,0.08019476585701789,0.006027797483607187,0.04998165773521647,0.0,0.0028905069126855458,4.971640758691855,4.593345399434405,0.12500377459912057,0.292710443992446,0.037790065347880694,0.003028219572261863,0.010786815755046714,0.21505069315145164,0.2614473022495816,0.12939816123424208,0.004008267339221292,0.00048339780783139997,0.000231803525070909
0.7500000000000002,0.07204222784185042,0.08065028568744419,0.005998028019097475,0.049700479522669753,0.0,0.002897742138971363,4.970524273969138,4.581293430585473,0.12484714581478679,0.292998114999501,0.03747573640450586,0.003019981770460288,0.010726133142454256,0.2152147857380649,0.2616467973707574,0.1294968973911396,0.004008357872306285,0.0004837426733015063,0.00023370373135658603
0.7708333333333336,0.07250675548511716,0.0811087997715755,0.005968398071934017,0.04942065256423039,0.0,0.0029049224771192424,4.969390828613551,4.569417527936963,0.12468969212235242,0.293281890516912,0.03716325930809219,0.003011717612397445,0.010665742151423688,0.215378018762784,0.2618452474818705,0.1295951163410152,0.0040084498134127615,0.0004840896041735534,0.00023561477554861373
0.791666666666667,0.07297430983014347,0.08157032707237609,0.005938907308307074,0.049142173300968255,0.0,0.0029120482626433953,4.968240415428456,4.557715043057256,0.12453140895385997,0.29356179323551773,0.03685262850262201,0.0030034271029693643,0.010605642013882755,0.21554039438601852,0.262042655209433,0.129692819383809,0.0040085431492073685,0.0004844386115911327,0.0002375367292343663
0.8125000000000003,0.07344490987496526,0.08203488667858436,0.005909555391196956,0.048865038146580164,0.0,0.0029191198299926523,4.967073026070828,4.546183367265536,0.12437229172290398,0.2938378456950855,0.036543838409776125,0.0029951102487416064,0.010545831955851709,0.21570191479029344,0.26223902320684367,0.12979000783276817,0.004008637866899405,0.00048478970683765954,0.00023946966445465565
0.8333333333333337,0.07391857474163846,0.08250249780521257,0.0058803419804120665,0.04858924348774059,0.0,0.0029261375125467885,4.9658886510562805,4.534819931041501,0.12421233582479763,0.2941100702839843,0.03623688342929464,0.002986767057976976,0.010486311197518963,0.2158625821796362,0.26243435415364313,0.12988668301407819,0.004008733954204257,0.00048514290133284585,0.00024141365370664158
0.8541666666666671,0.07439532367673678,0.0829731797940728,0.005851266732629301,0.04831478568447419,0.0,0.0029331016426122855,4.964687279763954,4.523622203444885,0.1240515366367343,0.2943784892388311,0.03593175793936217,0.002978397540662871,0.010427078953321432,0.21602239877899196,0.26262865075480235,0.12998284626651085,0.004008831399309972,0.0004854982066295279,0.00024336876994675942
0.8750000000000004,0.07487517605187381,0.08344695211432963,0.005822329301436388,0.04804166107054705,0.0,0.0029400125514176265,4.963468900441285,4.512587691544439,0.12388988951794487,0.2946431246441147,0.035628456297013764,0.002970001708538264,0.010368134432029094,0.21618136683365044,0.2628219157400264,0.1300784989410796,0.004008930190846793,0.0004858556344108206,0.0002453350865936748
0.8958333333333338,0.07535815136425025,0.08392383436307604,0.005793529337376013,0.04776986595387426,0.0,0.0029468705691081984,4.962233500208639,4.501713939856104,0.12372738980985182,0.294903998431801,0.03532697283855775,0.002961579575120428,0.010309476836832825,0.21633948860869642,0.2630141518630858,0.13017364240070856,0.004009030317859289,0.0004862151964875662,0.00024731267753126007
0.9166666666666672,0.07584426923722196,0.0844038462659302,0.005764866487991383,0.047499396616941185,0.0,0.0029536760247408597,4.960981065063832,4.4909985297900255,0.12356403283622086,0.2951611323809222,0.035027301880014,0.0029531311557313795,0.010251105365435413,0.21649676638847545,0.2632053619011677,0.13026827801991153,0.004009131769780749,0.00048657690479603764,0.0002493016171115914
0.9375000000000006,0.07633354942088719,0.08488700767765245,0.0057363403978730266,0.04723024931723666,0.0,0.0029604292462782353,4.95971157988652,4.480439079106278,0.12339981390331076,0.29541454811715373,0.03472943771756349,0.002944656467524124,0.010193019210144984,0.21665320247607242,0.26339554865424136,0.13036240718447772,0.004009234536409708,0.0004869407713958755,0.00025130198015796743
0.9583333333333339,0.07682601179269266,0.08537333858277975,0.005707950708706699,0.046962420287696274,0.0,0.0029671305605828108,4.958425028442488,4.470033241378972,0.12323472830002247,0.2956642671123803,0.034433374628009446,0.0029361555295087135,0.010135217557970687,0.2168087991928073,0.26358471494444524,0.13045603129116867,0.004009338607888299,0.00048730680846823465,0.0002533138419679494
0.9791666666666673,0.07732167635805644,0.08586285909627724,0.005679697059322194,0.04669590573715394,0.0,0.002973780293410834,4.957121393387812,4.4597787054685805,0.12306877129804733,0.2959103106842537,0.034139106869245435,0.0029276283625781292,0.010077699590720204,0.21696355887774346,0.2637728636154893,0.13054915174742235,0.004009443974682292,0.0004876750283141217,0.00025533727831642043
1.0000000000000007,0.07782056325100625,0.08635558946420574,0.005651579085742901,0.04643070185080096,0.0,0.002980378769406096,4.955800656272922,4.449673195002256,0.12290193815201526,0.2961526999957436,0.03384662868073192,0.0029190749895340548,0.010020464485098727,0.21711748388720684,0.2639599975320705,0.13064176997106366,0.0040095506275627055,0.00048804544335290516,0.0002573723654586675
1.020833333333334,0.07832269273483251,0.08685155006440287,0.0056235964212359955,0.04616680479065078,0.0,0.0029869263120936127,4.954462797546545,4.4397144678619975,0.12273422409964377,0.2963914560546842,0.03355593428397745,0.002910495435112499,0.009963511412809309,0.21727057659431925,0.2641461195793054,0.1307338873900239,0.00400965855758872,0.0004884180661209749,0.00025941918013348066
1.0416666666666672,0.0788280852027552,0.08735076140717908,0.00559574869636315,0.04590421069600821,0.0,0.002993423243873228,4.953107796559551,4.429900315680455,0.12256562436188759,0.29662659971331645,0.03326701788302372,0.00290188972600934,0.009906839540654156,0.21742283938854037,0.26433123266217307,0.1308255054420649,0.004009767756091891,0.0004887929092705508,0.0002614777995662744
1.0625000000000004,0.07933676117860346,0.08785324413602566,0.005568035539031683,0.045642915683943096,0.0,0.0029998698860131913,4.95173563156869,4.420228563344235,0.12239613414308967,0.2968581516678285,0.03297987366493415,0.0028932578909057743,0.009850448030636784,0.2175742746752214,0.2645153397049728,0.13091662557451061,0.004009878214661487,0.0004891699855686176,0.00026354830147222837
1.0833333333333337,0.07984874131750759,0.08835901902833515,0.005540456574545991,0.04538291584976637,0.0,0.0030062665586437034,4.950346279740226,4.410697068504543,0.12222574863113388,0.29708613245789417,0.03269449580028463,0.0028845999604936883,0.009794336040064877,0.2177248848751686,0.2646984436507933,0.13100724924398452,0.004009989925130839,0.0004895493078959737,0.0002656307640594466
1.104166666666667,0.0803640464066027,0.08886810699613361,0.005513011425659265,0.045124207267508896,0.0,0.0030126135807504845,4.948939717153474,4.401303721095013,0.12205446299759934,0.29731056246621146,0.03241087844365556,0.002875915967500972,0.009738502721653457,0.21787467242421601,0.26488054746099327,0.1310973779161524,0.004010102879564691,0.0004899308892463946,0.00026772526603213926
1.1250000000000002,0.08088269736574259,0.08938052908682365,0.005485699712625341,0.0448667859904011,0.0,0.003018911270168347,4.9475159188042275,4.392046442856624,0.12188227239791768,0.2975314619180408,0.03212901573412318,0.0028672059467167795,0.009682947223628552,0.21802363977280506,0.2650616541146903,0.1311870130654694,0.004010217070247337,0.0004903147427258894,0.00026983188659382163
1.1458333333333335,0.08140471524822583,0.0898963064839383,0.00545852105325066,0.044610648051354194,0.0,0.00302515994357482,4.946074858608105,4.382923186869501,0.12170917197153183,0.2977488508807453,0.03184890179575217,0.0028584699350167287,0.009627668689830955,0.2181717893855768,0.2652417666082651,0.1312761561749349,0.004010332489671642,0.000490700881552051,0.0002719507054505355
1.1666666666666667,0.08193012124152999,0.0904154605079043,0.005431475062946332,0.044355789463441264,0.0,0.003031359916483818,4.944616509403782,4.373931937091543,0.12153515684205876,0.297962749263331,0.031570530738086765,0.0028497079713880745,0.009572666259820103,0.2183191237409686,0.2654208879548712,0.13136480873584946,0.004010449130528691,0.0004910893190534911,0.00027408180281408677
1.1875,0.08245893666805647,0.09093801261681592,0.005404561354780109,0.04410220622037842,0.0,0.0030375115032393934,4.943140842956138,4.365070707903749,0.12136022211745423,0.2981731768159904,0.0312938966566389,0.002840920096954842,0.009517939068977879,0.21846564533081894,0.26559902118395456,0.13145297224757738,0.004010566985698191,0.0004914800686693493,0.00027622525940530746
1.2083333333333333,0.08299118298588545,0.09146398440721726,0.0053777795395283465,0.043849894297005095,0.0,0.003043615017009545,4.941647829959304,4.356337543662075,0.12118436289018175,0.29838015312964833,0.031018993633376533,0.0028321063550029303,0.00946348624861228,0.21861135665998394,0.26577616934078735,0.1315406482173157,0.004010686048239399,0.0004918731439488727,0.0002783811564573333
1.2291666666666665,0.08352688178953813,0.09199339761489461,0.005351129225727872,0.04359884964976357,0.0,0.0030496707697801346,4.940137440039622,4.347730518255794,0.12100757423738431,0.29858369763551024,0.030745815737208054,0.0028232667910051937,0.009409306926060986,0.21875626024595413,0.26595233548600183,0.13162783815986373,0.004010806311382709,0.0004922685585510673,0.00028054957571890565
1.2499999999999998,0.08406605481074893,0.09252627411567661,0.005324610019727697,0.04334906821717695,0.0,0.003055679072348891,4.9386096417585055,4.339247734672162,0.12082985122106014,0.2987838296046139,0.030474357024464587,0.002814401452646477,0.009355400224794351,0.21890035861848373,0.26612752269513995,0.1317145435974,0.0040109277685216795,0.0004926663262444031,0.00028273059945768995
1.270833333333333,0.08460872391924569,0.0930626359262432,0.005298221525740605,0.04310054592032586,0.0,0.0030616402343195213,4.937064402615221,4.330887324567371,0.12065118888824264,0.2989805681473843,0.030204611539378368,0.002805510389848666,0.009301765264518418,0.21904365431922457,0.26630173405820806,0.13180076605926197,0.0040110504132056125,0.0004930664609065827,0.0002849243104636155
1.2916666666666663,0.08515491112353908,0.09360250520494358,0.00527196334589448,0.042853278663322454,0.0,0.003067554564095941,4.9355016890495635,4.322647447843634,0.1204715822711841,0.2991739322131921,0.02993657331455799,0.002796593654795676,0.009248401161277136,0.21918614990136723,0.26647497267924075,0.13188650708173,0.004011174239132538,0.0004934689765243598,0.00028713079205223876
1.3124999999999996,0.0857046385717179,0.0941459042526206,0.00524583508028342,0.04260726233378237,0.0,0.003073422368876616,4.933921466444459,4.314526292232336,0.12029102638754394,0.29936394058991644,0.029670236371458783,0.002787651301958452,0.009195307027554321,0.2193278479292871,0.2666472416758705,0.1319717682078145,0.004011299240142563,0.0004938738871934011,0.00028935012806812025
1.3333333333333328,0.08625792855225486,0.09469285551344503,0.005219836327018631,0.04236249280329473,0.0,0.0030792439546490184,4.932323699128464,4.306522072883117,0.12010951624058089,0.2995506119035106,0.02940559472085063,0.0027786833881199326,0.009142481972374944,0.21946875097819815,0.2668185441789068,0.13205655098704763,0.004011425410211743,0.0004942812071182069,0.00029158240288822856
1.354166666666666,0.08681480349481822,0.09524338157575589,0.005193966682278986,0.042118965927888684,0.0,0.00308501962618424,4.930708350378187,4.298633031958864,0.1199270468193511,0.2997339646175721,0.029142642363279965,0.002769689972399999,0.009089925101405915,0.2196088616338122,0.2669888833319219,0.1321408569752781,0.004011552743446163,0.0004946909506120603,0.00029382770142536135
1.3749999999999993,0.08737528597109182,0.09579750517290929,0.005168225740361367,0.04187667754849712,0.0,0.0030907496870317104,4.929075382420628,4.290857438236451,0.11974361309890996,0.29991401703291687,0.028881373289527605,0.002760671116280394,0.009037635517056162,0.2197481824920038,0.26715826229084316,0.13222468773446971,0.004011681234076407,0.000495103132097031,0.00029608610913158803
1.3958333333333326,0.08793939869560224,0.09635524918413488,0.005142613093730572,0.041635623491417716,0.0,0.003096434439514063,4.927424756435417,4.2831935867132005,0.11955921004051916,0.3000907872871576,0.028621781481062213,0.002751626883629626,0.00898561231857609,0.2198867161584797,0.2673266842235516,0.1323080448325024,0.0040118108764523736,0.000495517766104004,0.00029835771200171455
1.4166666666666659,0.08850716452655438,0.09691663663539922,0.0051171283330689755,0.04139579956877046,0.0,0.003102074184722141,4.925756432556982,4.275639798218923,0.11937383259185934,0.3002642933542852,0.02836386091048803,0.002742557340727858,0.008933854602156333,0.2200244652484572,0.2674941523094907,0.1323909298429786,0.004011941665038342,0.000495934867272752,0.000300642596576768
1.4374999999999991,0.08907860646667173,0.09748169070027611,0.005091771047325805,0.041157201578951634,0.0,0.0031076692225101405,4.924070369876629,4.26819441903353,0.11918747568724818,0.3004345530442557,0.028107605541987303,0.0027334625562917473,0.008882361461025758,0.2201614323863428,0.2676606697392756,0.13247334434503014,0.004012073594408278,0.000496354450352035,0.0003029408499475011
1.4583333333333324,0.08965374766404698,0.09805043470082472,0.0050665408237660714,0.04091982530708452,0.0,0.003113219851490899,4.922366526444535,4.260855820510051,0.11900013424786318,0.3006015840025793,0.027853009331758757,0.002724342601499275,0.00883113198554868,0.22029762020542223,0.2678262397143163,0.13255528992313145,0.004012206659241445,0.0004967765301997379,0.00030525255975791965
1.4791666666666656,0.09023261141299707,0.09862289210847444,0.005041437248019073,0.0406836665254659,0.0,0.0031187263690313338,4.920644859271666,4.253622398703049,0.11881180318197126,0.3007654037099151,0.027600066228448274,0.002715197550014542,0.008780165263321264,0.22043303134754996,0.2679908654464403,0.13263676816691286,0.004012340854318177,0.0004972011217830294,0.0003075778142088315
1.499999999999999,0.09081522115492748,0.09919908654491746,0.005016459904126566,0.04044872099400956,0.0,0.003124189071248016,4.918905324331597,4.246492574002313,0.11862247738516328,0.30092602948166836,0.027348770173576908,0.0027060274780125126,0.00872946037926724,0.22056766846284756,0.2681545501575257,0.13271778067097914,0.004012476174515975,0.0004976282401785596,0.0003099167020614173
1.5208333333333321,0.0914016004594551,0.09977904176347671,0.004991608373801039,0.040214984453260286,0.0,0.003129608253175054,4.9171478766214625,4.2394647905485465,0.11843215174700462,0.30108347847259354,0.027099115094030114,0.0026968324645133923,0.008679016414130254,0.2207015342049242,0.2683172970736909,0.13279832903203362,0.004012612613279425,0.000498057900396414,0.00031226931259687514
1.5416666666666654,0.09199177302307153,0.10036278164781753,0.004966882236430469,0.03998245262443266,0.0,0.0031349842087667044,4.915372470170949,4.232537515875862,0.11824082115196997,0.3012377676763612,0.02685109490208679,0.0026876125914364725,0.008628832444482116,0.220834631230357,0.2684791094246622,0.13287841484856536,0.004012750162490144,0.0004984901173652948,0.00031463573561380876
1.5624999999999987,0.09258576269211163,0.10095033023469878,0.004942281070036108,0.03975112121841191,0.0,0.003140317230693296,4.913579057977948,4.225709240824352,0.11804848047251226,0.30138891391924916,0.026604703504995164,0.002678367943275008,0.00857890754466545,0.22096696220358844,0.2686399904497285,0.13295803972379616,0.004012888814198224,0.0004989249061328455,0.000317016061480203
1.583333333333332,0.0931835934636336,0.10154171171488215,0.004917804451316355,0.0395209859361561,0.0,0.00314560761033824,4.911767592010074,4.218978479192,0.11785512456932572,0.3015369338598005,0.026359934805346034,0.0026690986071209364,0.00852924078688043,0.22109852979662564,0.26879994339737523,0.1330372052654996,0.0040130285606170745,0.0004993622818657295,0.0003194103811371049
1.6041666666666652,0.0937852894862914,0.10213695043403409,0.0048934519556896715,0.03929204246908864,0.0,0.0031508556377953115,4.9099380232061565,4.21234376739149,0.11766074829162086,0.30168184398848685,0.026116782701435054,0.0026598046726897914,0.008479831241269506,0.2212293366887411,0.2689589715249207,0.13311591308582074,0.004013169394117269,0.0004998022598496031,0.0003218187861022966
1.6249999999999984,0.09439087506121428,0.10273607089363303,0.004869223157337169,0.039064286499488926,0.0,0.0031560616018660157,4.908090301477648,4.205803664111987,0.1174653464774056,0.30182366062737254,0.02587524108762063,0.0026504862323455435,0.008430677976001721,0.22135938556618234,0.2691170780981632,0.13319416480110177,0.004013311307220686,0.000500244855489111,0.00032424136847398
1.6458333333333317,0.09500037464289292,0.10333909775188559,0.004845117629244957,0.03883771370087946,0.0,0.0031612257900570776,4.906224375709959,4.199356749985864,0.11726891395377358,0.30196239992977963,0.02563530385467772,0.0026411433811253464,0.0083817800573562,0.22148867912188208,0.2692742663910284,0.1332719620317073,0.004013454292594929,0.0005006900843079287,0.0003266782209344901
1.666666666666665,0.09561381284007513,0.10394605582465104,0.004821134943246099,0.03861231973840973,0.0,0.0031663484885780203,4.904340193763712,4.193001627260236,0.11707144553719846,0.30209807787995274,0.02539696489014642,0.0026317762167641858,0.008333136549805092,0.221617220055176,0.26943053968522646,0.13334930640185474,0.004013598343048013,0.0005011379619488348,0.00032912943675403035
1.6874999999999982,0.0962312144166684,0.10455697008637192,0.004797274670062323,0.03838810026923799,0.0,0.0031714299823388703,4.902437702475916,4.186736919473308,0.1168729360338359,0.3022307102927251,0.025160218078676418,0.002622384839719447,0.008284746516095861,0.22174501107152755,0.26958590126991716,0.1334261995394486,0.004013743451523362,0.0005015885041738161,0.0003315951097944283
1.7083333333333315,0.09685260429264989,0.10517186567101341,0.00477353637934535,0.0381650509429084,0.0,0.0031764705549479568,4.900516847661057,4.180561271135395,0.11667338023983276,0.3023603128131848,0.024925057302366844,0.002612969353195365,0.008236609017332811,0.22187205488225403,0.2697403544413773,0.13350264307591567,0.004013889611094947,0.000502041726864205,0.00033407533451291593
1.7291666666666647,0.09747800754498424,0.10579076787300963,0.0047499196397178915,0.03794316740172662,0.0,0.0031814704887098396,4.898577574112131,4.174473347414606,0.1164727729416428,0.30248690091634167,0.024691476441101024,0.002603529863167395,0.008188723113057997,0.22199835420426012,0.2698939025026764,0.13357863864604486,0.004014036814962807,0.000502497646020845,0.0003365702059659331
1.749999999999998,0.09810744940854876,0.10641370214821702,0.004726424018814272,0.037722445281130175,0.0,0.0031864300646233367,4.896619825601573,4.168471833827058,0.1162711089163509,0.3026104899067942,0.024459469372875676,0.0025940664784064368,0.008141087861331261,0.2221239117597761,0.2700465487633587,0.1336541878878294,0.004014185056448601,0.0005029562777642808,0.0003390798198129517
1.7708333333333313,0.09874095527706599,0.10704069411487617,0.004703049083320743,0.03750288021005672,0.0,0.0031913495623796763,4.8946435448821415,4.162555435931616,0.11606838293200451,0.30273109491839684,0.024229029974126542,0.002584579310502983,0.00809370231880963,0.2222487302760988,0.27019829653912797,0.1337292924423112,0.004014334328991524,0.0005034176383349844,0.00034160427232032684
1.7916666666666645,0.099378550704044,0.10767176955458006,0.00467979439901534,0.037284467811307904,0.0,0.0031962292603607565,4.8926486736877015,4.156722879029064,0.11586458974795304,0.3028487309139276,0.02400015212004782,0.002575068473891123,0.008046565540825968,0.22237281248533952,0.2703491491515411,0.1338039539534291,0.004014484626144303,0.0005038817440935942,0.0003441436603651693
1.8124999999999978,0.10002026140372333,0.10830695441324883,0.004656659530807479,0.03706720370191048,0.0,0.0032010694356375225,4.890635152733948,4.1509729078656195,0.115659724115196,0.302963412684755,0.023772829684906405,0.0025655340858724497,0.007999676581466737,0.2224961611241766,0.2704991099277075,0.13387817406786984,0.0040146359415694265,0.0005043486115211864,0.00034669808143923735
1.833333333333331,0.10066611325203213,0.10894627480211427,0.004633644042777037,0.0368510834934728,0.0,0.003205870363968463,4.88860292171905,4.145304286340793,0.11545378077673829,0.3030751548505057,0.02354705654235172,0.002555976266639785,0.007953034493649052,0.22261877893360907,0.2706481821999894,0.1339519544349201,0.004014788269035545,0.0005048182572195668,0.0003492676336528623
1.8541666666666643,0.10131613228754748,0.10958975699870882,0.004610747498213163,0.036636102792538414,0.0,0.003210632319798215,4.886551919324223,4.139715797219472,0.1152467544679551,0.3031839718587311,0.02332282656571969,0.002546395139300827,0.007906638329196993,0.22274066865871792,0.2707963693057115,0.1340252967063227,0.0040149416024140025,0.0005052906979115851,0.00035185241573888716
1.8749999999999976,0.10197034471246613,0.11023742744786372,0.004587969459652602,0.036422257200935275,0.0,0.003215355576256296,4.884482083214227,4.13420624184818,0.11503863991696503,0.30328987798457424,0.023100133628331795,0.0025367908299015985,0.007860487138916931,0.22286183304843224,0.27094367458687707,0.13409820253613589,0.004015095935675534,0.0005057659504414683,0.0003544525270566375
1.8958333333333308,0.1026287768935794,0.11088931276271304,0.004565309488917696,0.03620954231612198,0.0,0.003220040405155939,4.882393350037793,4.128774439875484,0.11482943184501224,0.3033928873304351,0.022878971603788326,0.0025271634674498018,0.007814579972672212,0.22298227485529531,0.27109010138988315,0.13417067358059254,0.004015251262887143,0.000506244031775176,0.00035706806759591014
1.916666666666664,0.10329145536325901,0.11154543972570531,0.004542767147153949,0.03599795373152915,0.0,0.003224687076993047,4.8802856554279765,4.123419228976448,0.11461912496685735,0.30349301382563637,0.02265933436625725,0.0025175131839379585,0.0077689158794569295,0.2231019968352421,0.2712356530652503,0.1342427114979664,0.004015407578209013,0.0005067249590007751,0.0003596991379809888
1.9374999999999973,0.1039584068204471,0.11220583528962383,0.004520341994867177,0.035787487036897714,0.0,0.003229295860945268,4.878158934002443,4.118139464581096,0.11440771399117816,0.3035902712260872,0.02244121579075668,0.0025078401143664233,0.007723493907468944,0.2232210017473708,0.2713803329673448,0.13431431794843457,0.004015564875891693,0.0005072087493288361,0.0003623458394746887
1.9583333333333306,0.10462965813165466,0.11287052657861045,0.0044980335919602744,0.035578137818613485,0.0,0.0032338670248711794,4.876013119363678,4.112934019606839,0.1141951936209796,0.3036846731139468,0.02222460975343228,0.0024981443967662218,0.00767831310418192,0.22333929235372846,0.27152414445411777,0.1343854945939485,0.004015723150273279,0.0005076954200928348,0.00036500827398241434
1.9791666666666639,0.10530523633196844,0.11353954088920011,0.004475841497769555,0.03536990166003723,0.0,0.0032384008353095847,4.873848144099127,4.107801784194785,0.11398155855401351,0.30377623289728567,0.022009510131830234,0.0024884261722216867,0.007633372516416684,0.2234568714190958,0.2716670908868441,0.13445624309810447,0.004015882395776784,0.0005081849887495851,0.0003676865440562524
1.9999999999999971,0.1059851686260626,0.11421290569136199,0.004453765271100735,0.03516277414183099,0.0,0.0032428975574789218,4.8716639397812695,4.102741665449894,0.11376680348320836,0.30386496380974665,0.021795910805163615,0.002478685584892949,0.007588671190411724,0.22357374171077143,0.27180917562985957,0.1345265651260139,0.004016042606907605,0.0005086774728796915,0.00037038075289908825
2.0208333333333304,0.1066694823892202,0.11489064862954448,0.004431804470264395,0.03495675084228075,0.0,0.0032473574552767995,4.869460436967616,4.097752587184923,0.11355092309710875,0.30395087891020345,0.021583805654573858,0.0024689227820381796,0.007544208171892652,0.22368990599837227,0.2719504020503184,0.13459646234418304,0.004016203778251011,0.0005091728901879911,0.0003730910043687385
2.041666666666664,0.10735820516836107,0.11557279752373278,0.004409958653111133,0.03475182733761521,0.0,0.003251780791279621,4.867237565200645,4.092833489668086,0.11333391208032575,0.3040339910824176,0.021373188563386974,0.002459137914035683,0.007499982506141127,0.22380536705362444,0.27209077351793937,0.13466593642038738,0.004016365904469924,0.0005096712585040464,0.0003758174029821232
2.0624999999999973,0.10805136468307718,0.11625938037050855,0.004388227377066264,0.0345479992023204,0.0,0.0032561678267423342,4.864995253007662,4.087983329374418,0.1131157651139975,0.3041143130346935,0.021164053417364007,0.002449331134405731,0.0074559932380626505,0.22392012765016864,0.27223029340476856,0.13473498902355432,0.0040165289803025936,0.0005101725957826259,0.0003785600539194492
2.083333333333331,0.10874898882667355,0.11695042534412006,0.00436661019916408,0.03434526200944994,0.0,0.0032605188215982877,4.862733427900596,4.08320107874076,0.11289647687626078,0.3041918572995312,0.020956394104947363,0.0024395025998322248,0.007412239412253695,0.2240341905633588,0.27236896508493513,0.13480362182364222,0.004016693000560419,0.000510676920104212,0.00038131906302842886
2.1041666666666643,0.10945110566721979,0.11764596079755812,0.004345106676081725,0.03414361133093262,0.0,0.003264834034459193,4.860452016375724,4.078485725924311,0.11267604204273335,0.30426663623327665,0.020750204517499874,0.0024296524701840883,0.007368720073067893,0.2241475585700738,0.27250679193442207,0.13487183649152698,0.00401685796012596,0.0005111842496755187,0.00038409453682851976
2.124999999999998,0.11015774344860683,0.11834601526363979,0.004323716364172682,0.03394304273787468,0.0,0.003269113722615202,4.85815094391333,4.073836274564716,0.11245445528700783,0.30433866201576953,0.020545478549539507,0.0024197809085364495,0.007325434264681442,0.22426023444852725,0.27264377733083517,0.13493963469888762,0.004017023853950894,0.0005116946028300293,0.000386886582515193
2.1458333333333313,0.11086893059161171,0.11905061745609807,0.004302438819499763,0.03374355180085907,0.0,0.003273358142035079,4.855830134977295,4.069251743549627,0.11223171128115673,0.3044079466499881,0.020342210098969783,0.002409888081191561,0.007282381031157482,0.22437222097808424,0.27277992465318,0.135007018118096,0.004017190677054102,0.0005122079980285324,0.0003896953079642221
2.1666666666666647,0.11158469569496932,0.11975979627068117,0.004281273597867741,0.03354513409024047,0.0,0.003277567547366487,4.853489513014627,4.064731166783705,0.11200780469624924,0.3044745019616913,0.020140393067303402,0.0023999741576994794,0.0072395594165099945,0.22448352093907623,0.272915237281637,0.1350739884221055,0.004017358424519881,0.0005127244538596868,0.00039252082173600665
2.1874999999999982,0.11230506753645328,0.12047358078625622,0.004260220254855589,0.033347785176436134,0.0,0.0032817421919363733,4.851129000454906,4.060273592960993,0.1117827302028802,0.3045383395990574,0.019940021359880586,0.002390039310878469,0.007196968464766379,0.22459413711262793,0.27304971859735133,0.13514054728434677,0.004017527091496096,0.0005132439890405899,0.0003953632330799122
2.2083333333333317,0.11303007507396237,0.121192000265923,0.004239278345848238,0.033151500630213,0.0,0.0032858823277514618,4.848748518709687,4.055878085340614,0.11155648247171114,0.3045994710323192,0.019741088886083228,0.0023800837168351445,0.007154607220029628,0.2247040722804787,0.2731833719822148,0.13520669637862032,0.00401769667319252,0.0005137666224173613,0.00039822265193864684
2.229166666666665,0.11375974744661481,0.12191508415813333,0.004218447426067966,0.032956276022971694,0.0,0.003289988205498842,4.846347988171816,4.051543721525782,0.11132905617402335,0.30465790755339595,0.019543589559543818,0.0023701075549843035,0.0071124747265393015,0.22481332922481048,0.2733162008186579,0.13527243737899294,0.004017867164879266,0.000514292372965737,0.00040109918895265737
2.2499999999999987,0.11449411397585153,0.1226428620978171,0.004197727050605375,0.032762106927024935,0.0,0.0032940600745466654,4.8439273282146935,4.04726959324603,0.11110044598228412,0.30471366027552077,0.019347517298347803,0.0023601110080685014,0.007070570028732001,0.2249219107280838,0.2734482084894493,0.1353377719596991,0.004018038561885057,0.0005148212597916715,0.0004039929554645518
2.270833333333332,0.11523320416654652,0.12337536390751859,0.004177116774449914,0.03256898891587348,0.0,0.003298098182944927,4.841486457191467,4.043054806142643,0.11087064657072569,0.30476674013286453,0.019152866025232404,0.0023500942621772964,0.007028892171300642,0.22502981957286974,0.2735793983774925,0.13540270179503974,0.00401821085959583,0.0005153533021319583,0.0004069040635235562
2.2916666666666656,0.11597704770812327,0.12411261959853774,0.004156616152520081,0.032376917564477935,0.0,0.0033021027774263667,4.839025292434153,4.038898479557237,0.11063965261593725,0.3048171578801557,0.01895962966777918,0.0023400575067661846,0.006987440199253201,0.22513705854168717,0.2737097738656273,0.13546722855928436,0.004018384053453265,0.0005158885193548623,0.0004098326258899936
2.312499999999999,0.11672567447568138,0.12485465937207808,0.00413622473969314,0.03218588844952639,0.0,0.0033060741034074415,4.83654375025271,4.034799746323455,0.11040745879747045,0.3048649240922948,0.018767802158601632,0.0023300009346752313,0.00694621315797041,0.22524363041684892,0.27383933833644303,0.1355313539265786,0.0040185581389533195,0.0005164269309607493,0.0004127787560397846
2.3333333333333326,0.11747911453112944,0.12560151362040495,0.004115942090834405,0.03199589714969808,0.0,0.003310012404989411,4.834041745934035,4.030757752561712,0.11017405979845908,0.3049100491639651,0.018577377435529036,0.002319924742147332,0.00690521009326281,0.22534953798030322,0.2739680951720857,0.1355950795708486,0.004018733111644879,0.0005169685565827355,0.0004157425681689869
2.354166666666666,0.11823739812432536,0.12635321292800986,0.004095767760826259,0.03180693924592384,0.0,0.0033139179249595113,4.8315191937408875,4.026771657476975,0.10993945030625152,0.3049525433092377,0.018388349441783608,0.0023098291288461653,0.006864430051426849,0.22545478401348,0.2740960477540714,0.13565840716570868,0.004018908967128488,0.0005175134159873584,0.0004187241771983577
2.3749999999999996,0.11900055569422653,0.1271097880727811,0.004075701304596596,0.031619010321642604,0.0,0.0033177909047922174,4.8289760069107714,4.02284063315951,0.1097036250130587,0.30499241656117204,0.018200712126153734,0.0022997142978737543,0.0068238720793002226,0.22555937129714623,0.27422319946311,0.13572133838437425,0.004019085701055069,0.0005180615290752308,0.00042172369877793936
2.395833333333333,0.1197686178700452,0.12787127002718374,0.0040557422771470095,0.03143210596305334,0.0,0.003321631584650599,4.82641209765474,4.0189638643885655,0.10946657861661598,0.3050296787714106,0.01801445944316115,0.0022895804557877004,0.006783535224316395,0.22566330261125597,0.2743495536789233,0.13578387489957155,0.0040192633091246455,0.0005186129158817303,0.00042474124929167895
2.4166666666666665,0.12054161547241403,0.12863768995944797,0.00403589023358047,0.031246221759364735,0.0,0.003325440203387766,4.823827377156132,4.015140548438954,0.10922830582085954,0.30506433960976825,0.017829585353225277,0.002279427812617996,0.006743418534558213,0.2257665807348065,0.2744751137800696,0.13584601838345117,0.004019441787085317,0.0005191675965776886,0.00042777694586207903
2.4375,0.12131957951455904,0.12940907923476036,0.004016144729128667,0.03106135330303958,0.0,0.003329216998548402,4.8212217555692565,4.011369894890493,0.10898880133661847,0.305096408563816,0.017646083822820336,0.002269256581883477,0.0067035210588109306,0.225869208445704,0.274599883143781,0.1359077705075072,0.004019621130731934,0.0005197255914700769,0.0004308309063548612
2.4583333333333335,0.12210254120347855,0.13018546941646894,0.003996505319178966,0.030877496190036356,0.0,0.0033329622063703775,4.81859514201801,4.007651125440241,0.10874805988232188,0.3051258949384582,0.0174639488246293,0.0022590669806078676,0.006663841846614175,0.2259711885206183,0.27472386514578634,0.13596913294248963,0.004019801335905114,0.0005202869210027287,0.00043390324938367763
2.479166666666667,0.12289053194113406,0.1309668922672918,0.003976971559300945,0.030694646020046817,0.0,0.003336676061786464,4.815947444594431,4.003983473717537,0.10850607618472156,0.30515280785550425,0.017283174337692716,0.002248859229335403,0.006624379948313313,0.22607252373485426,0.27484706316015506,0.1360301073583274,0.004019982398490129,0.0005208516057570503,0.0004369940943148393
2.5000000000000004,0.12368358332564588,0.13175337975053558,0.003957543005272507,0.030512798396730507,0.0,0.0033403587984261163,4.813278570357181,4.000366185101746,0.10826284497963119,0.3051771562532332,0.017103754347552094,0.002238633552146039,0.006585134415109971,0.22617321686221661,0.27496948055913284,0.13609069542404656,0.004020164314415968,0.0005214196664527445,0.00044010356127207885
2.520833333333334,0.12448172715249808,0.1325449640313192,0.003938219213105693,0.030331948927944496,0.0,0.0033440106486173405,4.810588425329991,3.9967985165427184,0.1080183610126811,0.3051989488859522,0.016925682846389765,0.002228390176670232,0.006546104299111665,0.22627327067488331,0.27509112071298747,0.13615089880769446,0.004020347079654214,0.0005219911239485444,0.0004432317711413338
2.5416666666666674,0.12528499541575322,0.13334167747781056,0.003918999739072052,0.030152093225970344,0.0,0.003347631843388647,4.807876914500012,3.993279736383905,0.10777261904008974,0.30521819432354796,0.016748953833163306,0.0022181293341032443,0.006507288653380839,0.22637268794327645,0.2752119869898523,0.13621071917626193,0.004020530690218215,0.0005225659992429693,0.00044637884557557737
2.562500000000001,0.12609342030927384,0.13414355266246414,0.003899884139727608,0.0299732269077375,0.0,0.0033512226124710817,4.805143941816132,3.9898091241880906,0.10752561382945253,0.30523490095103073,0.016573561313735295,0.0022078512592189885,0.006468686531982997,0.22647147143594437,0.2753320827555824,0.13627015819561222,0.004020715142162072,0.0005231443134750591,0.0004495449069996552
2.5833333333333344,0.12690703422794986,0.1349506223632718,0.0038808719719375345,0.029795345595042773,0.0,0.0033547831843003316,4.802389410187209,3.9863859705657134,0.10727734016054744,0.3052490769680716,0.01639949930100004,0.002197556190383451,0.00643029699003406,0.22656962391943333,0.275451411373599,0.13632921753040403,0.004020900431579791,0.0005237260879251481,0.0004527300786151685
2.604166666666668,0.12772586976893996,0.13576291956501946,0.0038619627929003396,0.029618444914766312,0.0,0.00335831378601891,4.7996132214802625,3.983009577005735,0.10702779282615865,0.3052607303885319,0.016226761815003526,0.002187244369567569,0.0063921190837470275,0.22666714815817532,0.275569976204753,0.13638789884402389,0.004021086554604378,0.0005243113440156267,0.0004559344844053813
2.6250000000000013,0.12854995973291802,0.13658047746055324,0.003843156160171771,0.02944252049908402,0.0,0.0033618146434784115,4.79681527651858,3.979679255709018,0.10677696663291704,0.3052698690399853,0.016055342883060496,0.0021769160423596246,0.006354151870477878,0.22676404691436994,0.2756877806071809,0.13644620379851494,0.0040212735074070215,0.0005249001033117269,0.000459158249140161
2.645833333333335,0.12937933712532662,0.13740332945205055,0.003824451631688289,0.029267567985677437,0.0,0.0033652859812418516,4.793995475079794,3.9763943294241817,0.10652485640216064,0.3052765005632312,0.015885236539867214,0.002166571457977166,0.006316394408770664,0.22686032294787128,0.27580482793616806,0.13650413405450917,0.004021461286196324,0.0005254923875222982,0.00046240149838094137
2.6666666666666683,0.1302140351576434,0.13823150915230312,0.0038058487657902235,0.0290935830179381,0.0,0.0033687280225860694,4.791153715893865,3.9731541312858982,0.1062714569708115,0.3052806324118006,0.015716436827609054,0.0021562108692783546,0.006278845758401898,0.2269559790160789,0.27592112154401555,0.13656169127116155,0.0040216498872174015,0.0005260882185006128,0.00046566435848572626
2.6875000000000018,0.13105408724865256,0.13906505038600545,0.003787347121244491,0.028920561245171127,0.0,0.0033721409895042,4.788289896641027,3.969958004655591,0.10601676319227357,0.3052822718514539,0.015548937796064522,0.002145834532772802,0.006241504980424177,0.22705101787382906,0.2760366647799081,0.13661887710608472,0.004021839306751279,0.0005266876182451578,0.0004689469566141158
2.7083333333333353,0.1318995270257253,0.13990398719105224,0.0037689462572670375,0.02874849832279284,0.0,0.003375525102708224,4.785403913949663,3.9668053029645214,0.10576076993734834,0.30528142595966906,0.01538273350270458,0.0021354427086318576,0.0062043711372090716,0.22714544227328812,0.2761514609897847,0.13667569321528483,0.004022029541113996,0.0005272906089004519,0.0004722494207323667
2.7291666666666687,0.13275038832611283,0.1407483538198451,0.0037506457335448403,0.028577389912526875,0.0,0.0033788805816315796,4.782495663394122,3.963695389559195,0.10550347209517054,0.305278101625122,0.015217818012788717,0.0021250356606983003,0.006167443292489399,0.22723925496385292,0.276265513516217,0.13673214125310154,0.004022220586656005,0.0005278972127578616,0.00047557187961848557
2.750000000000002,0.13360670519824316,0.14159818474060618,0.003732445110257611,0.02840723168259618,0.0,0.0033822076444318372,4.779565039492464,3.96062763754908,0.10524486457416421,0.30527230554715756,0.015054185399455433,0.0021146136564955164,0.0061307205114005375,0.22733245869204724,0.276378825698284,0.1367882228721458,0.004022412439761454,0.0005285074522564294,0.00047891446286734974
2.7708333333333357,0.13446851190302775,0.1424535146387005,0.0037143439480991445,0.028238019307911498,0.0,0.0033855065079934554,4.776611935704182,3.957601429656603,0.10498494230301912,0.30526404423525155,0.014891829743809957,0.0021041769672360384,0.006094201860521304,0.22742505620142145,0.27649140087144963,0.13684393972323938,0.004022605096847478,0.0005291213499837101,0.00048227730089586154
2.791666666666669,0.13533584291518128,0.1433143784179663,0.003696341808298201,0.028069748470257266,0.0,0.0033887773879305804,4.773636244427804,3.9546161580693857,0.10472370023168724,0.3052533240084629,0.014730745135007882,0.002093725867829501,0.006057886407913875,0.22751705023246285,0.276603242367454,0.13689929345536103,0.00402279855436358,0.0005297389286765982,0.00048566052494813055
2.8125000000000027,0.1362087329245459,0.14418081120205575,0.00367843825263926,0.027902414858473425,0.0,0.0033920204985899206,4.770637856998499,3.9516712242946785,0.10446113333240137,0.30524015099487695,0.014570925670334122,0.0020832606368899604,0.006021773223163165,0.22760844352249657,0.27671435351419277,0.1369542857155868,0.004022992808790992,0.000530360211222201,0.0004890642671006964
2.833333333333336,0.1370872168374263,0.1450528483357821,0.003660632843482695,0.027736014168634963,0.0,0.003395236053053681,4.767616663685572,3.948766039015982,0.10419723660071394,0.30522453113103803,0.014412365455278893,0.002072781556742606,0.005985861377415512,0.2276992388055958,0.2768247376356081,0.1370089181490359,0.004023187856642111,0.0005309852206586782,0.000492488660267775
2.8541666666666696,0.13797132977793447,0.14593052538647466,0.0036429251437847714,0.027570542104227446,0.0,0.003398424263142556,4.7645725536899315,3.945900021951812,0.1039320050565595,0.30520647016137337,0.01425505860360919,0.002062288913429831,0.005950149943416512,0.22778943881249591,0.2769343980515842,0.13706319239881928,0.004023383694459832,0.0005316139801761104,0.0004959338382065362
2.875000000000003,0.13886110708934196,0.14681387814534608,0.003625314717117256,0.027405994376319298,0.0,0.0034015853394187777,4.761505415141489,3.9430726017165765,0.10366543374533804,0.30518597363760536,0.014098999237436651,0.0020517829967166053,0.00591463799554836,0.22787904627050198,0.27704333807783477,0.13711711010598376,0.004023580318816981,0.0005322465131173826,0.0004993999355224242
2.8958333333333366,0.1397565843354432,0.14770294262886438,0.003607801127686623,0.02724236670373193,0.0,0.0034047194911892295,4.758415135096486,3.9402832156835474,0.1033975177390222,0.3051630469181543,0.01394418148728208,0.002041264100095234,0.0058793246098664004,0.2279680639034078,0.2771515610258049,0.13717067290946344,0.004023777726315803,0.0005328828429790495,0.0005028870876744991
2.91666666666667,0.1406577973019279,0.14859775508013653,0.0035903839403530185,0.027079654813205893,0.0,0.0034078269265086043,4.755301599534783,3.9375313098498657,0.10312825213728678,0.3051376951675307,0.013790599492135626,0.0020307325207893907,0.005844208864135075,0.22805649443141204,0.2772590702025688,0.13722388244602915,0.00402397591358741,0.0005335229934122334,0.00050639543098082
2.9375000000000036,0.1415647819977616,0.1494983519702977,0.003573062720648897,0.0269178544395642,0.0,0.003410907852182626,4.752164693357072,3.934816338703597,0.10285763206866208,0.3051099233557161,0.01363824739951488,0.0020201885597574405,0.005809289837863128,0.22814434057103927,0.2773658689107339,0.13727674035024098,0.0040241748772912094,0.0005341669882235183,0.0005099251026238504
2.958333333333337,0.14247757465657765,0.15040476999991434,0.003555837034797219,0.026756961325872467,0.0,0.003413962473771331,4.749004300382039,3.932137765092772,0.10258565269171185,0.3050797362575337,0.013487119365517768,0.0020096325216950946,0.005774566612338227,0.22823160503505843,0.2774719604483417,0.13732924825439927,0.004024374614114452,0.0005348148513758532,0.0005134762406559157
2.9791666666666705,0.14339621173807685,0.15131704610038996,0.003538706449729465,0.026596971223596555,0.0,0.003416990995592378,4.745820303343469,3.929495060096394,0.10231230919623487,0.3050471384520074,0.01333720955487255,0.001999064715037303,0.0057400382706609,0.22831829053240962,0.2775773481087789,0.13738140778850047,0.004024575120771705,0.0005354666069894607,0.0005170489840046693
3.000000000000004,0.1443207299294383,0.15223521743538448,0.003521670533103224,0.026437879892756602,0.0,0.003419993620724435,4.742612583887284,3.9268877028973868,0.10203759680449238,0.3050121343217098,0.01318851214098479,0.0019884854519593973,0.005705703897777818,0.22840439976812885,0.27768203518068574,0.1374332205801919,0.004024776394004381,0.0005361222793427557,0.0005206434724786122
3.0208333333333375,0.1452511661467386,0.15315932140224134,0.0035047288533195304,0.026279683102078327,0.0,0.003422970551010604,4.739381022568523,3.9243151806574534,0.10176151077246003,0.3049747280520985,0.013041021305981091,0.0019778950483775055,0.005671562580514462,0.2284899354432737,0.2777860249478658,0.13748468825472704,0.004024978430580265,0.0005367818928732747,0.0005242598467726402
3.041666666666671,0.1461875575363828,0.15408939563342186,0.003487880979539858,0.026122376629141488,0.0,0.003425921987061887,4.73612549884828,3.9217769883938276,0.10148404639110607,0.3049349236308407,0.012894731240748898,0.001967293823948175,0.00563761340760717,0.22857490025485772,0.27788932068920585,0.137535812434926,0.004025181227293036,0.0005374454721786042,0.0005278982484736178
3.0625000000000044,0.14712994147654296,0.15502547799795144,0.0034711264817027807,0.02596595626052537,0.0,0.003428848128260713,4.73284589109056,3.919272628857867,0.10120519898769616,0.30489272484712654,0.012749636144973308,0.001956682102067219,0.005603855469734485,0.2286592968957781,0.27799192567858866,0.13758659474113208,0.0040253847809618454,0.000538113042017321,0.0005315588200659982
3.083333333333338,0.14807835557860777,0.15596760660287548,0.0034544649305403605,0.02581041779195142,0.0,0.0034317491727645093,4.729542076559087,3.916801612415492,0.10092496392712454,0.30484813529096966,0.012605730227171338,0.0019460602098677407,0.005570287859548014,0.22874312805474714,0.2780938431848088,0.13763703679117043,0.004025589088430937,0.0005387846273099485,0.0005352417049374784
3.1041666666666714,0.14903283768864353,0.15691581979471897,0.003437895897594256,0.025655757028423015,0.0,0.003434625317509308,4.72621393141406,3.9143634569294155,0.10064333661327253,0.304801158352496,0.012463007704722159,0.001935428478217361,0.005536909671702516,0.2288263964162352,0.27819507647150393,0.13768714020031383,0.004025794146569121,0.000539460253139904,0.00053894704738467
3.125000000000005,0.14999342588886116,0.15787015616096206,0.0034214189552314407,0.025501969784362595,0.0,0.0034374767582133975,4.72286133070884,3.911957687643159,0.10036031249039504,0.30475179722122064,0.012321462803895294,0.0019247872417146297,0.00550372000288552,0.22890910466039976,0.27829562879706843,0.13773690658124,0.004025999952269459,0.0005401399447544632,0.0005426749926188267
3.1458333333333384,0.15096015849909922,0.15883065453152231,0.0034050336766596957,0.02534905188374573,0.0,0.003440303689381036,4.719484148386578,3.909583837066815,0.10007588704453506,0.30470005488531116,0.012181089759875125,0.001914136838684581,0.005470717951846299,0.2289912554630293,0.27839550341458474,0.13778633754399763,0.004026206502448853,0.0005408237275657354,0.000546425686771601
3.166666666666672,0.15193307407831186,0.15979735398024467,0.003388739635942774,0.025196999160232443,0.0,0.0034431063043061758,4.716082257276799,3.907241444864545,0.0997900558049674,0.30464593413083935,0.012041882816782763,0.001903477611173387,0.005437902619424174,0.22907285149548276,0.27849470357175055,0.13783543469597034,0.004026413794047591,0.0005415116271516329,0.000550199276900826
3.1875000000000053,0.15291221142607084,0.1607702938264053,0.003372536408015288,0.025045807457296523,0.0,0.0034458847950762524,4.712655529091906,3.904930057743765,0.09950281434567113,0.3045894375410199,0.011903836227695079,0.0018928099049422245,0.005405273108576382,0.22915389542463077,0.2785932325108065,0.13788419964184087,0.004026621824029135,0.0005422036692568674,0.0005539959109963515
3.208333333333339,0.15389760958407367,0.16174951363621842,0.0033564235686973165,0.024895472628350762,0.0,0.0034486393525759978,4.709203834423657,3.9026492293460167,0.09921415828683267,0.30453056749543594,0.011766944254661384,0.0018821340694601758,0.005372828524405215,0.22923438991280135,0.27869109346847065,0.13793263398355873,0.004026830589379524,0.0005428998797939315,0.0005578157379858908
3.2291666666666723,0.15488930783766974,0.16273505322436066,0.00334040069470867,0.024745990536870967,0.0,0.003451370166491306,4.70572704273954,3.900398520139491,0.09892408329637813,0.30446932616925176,0.011631201168716519,0.0018714504578962643,0.0053405679741846965,0.22931433761772674,0.27878828967587405,0.13798073932030816,0.004027040087107222,0.0005436002848441067,0.0005616589077409332
3.2500000000000058,0.15588734571738797,0.16372695265549758,0.003324467363682952,0.0245973570565166,0.0,0.003454077425313119,4.702225022379141,3.89817749731318,0.09863258509153786,0.3044057155324121,0.011496601249892336,0.0018607594271105759,0.005308490567386628,0.22939374119249004,0.2788848243584952,0.1380285172484758,0.004027250314242663,0.0005443049106584655,0.000565525571082664
3.2708333333333393,0.1568917630004799,0.1647252522458266,0.0033086231541812616,0.02444956807124881,0.0,0.0034567613163413668,4.6986976405504,3.8959857346726277,0.09833965944044128,0.30433973734882835,0.0113631387872256,0.0018500613376444387,0.005276595415706104,0.2294726032854705,0.27898070073609416,0.13807596936161812,0.004027461267837968,0.0005450137836588907,0.0005694158797879472
3.2916666666666727,0.15790259971247692,0.16572999256462537,0.0032928676457056856,0.02430261947544609,0.0,0.0034594220256889217,4.695144763325855,3.893822812537268,0.0980453021637441,0.30427139317555185,0.011230808078764162,0.001839356553709617,0.005244881633086398,0.2295509265403017,0.27907592202266124,0.13812309725043595,0.0040276729449666,0.0005457269304390987,0.0005733299865953262
3.312500000000006,0.15891989612874982,0.1667412144358104,0.0032772004187124663,0.024156507174017322,0.0,0.0034620597382856006,4.691566255638808,3.891688317639322,0.09774950913628913,0.3042006843619322,0.011099603431570688,0.0018286454431766506,0.005213348335743441,0.2296287135958187,0.27917049142635314,0.13816990250274286,0.004027885342723014,0.0005464443777656629,0.000577268045211065
3.3333333333333397,0.15994369277608678,0.16775895893950854,0.0032616210546249297,0.024011227082512514,0.0,0.0034646746378822037,4.687961981279425,3.889581843024224,0.09745227628879806,0.3041276120487637,0.010969519161723685,0.001817928377562115,0.005181994642189688,0.2297059670860132,0.27926441214943815,0.13821638670343805,0.004028098458222432,0.0005471661525790601,0.0005812302103152372
3.354166666666673,0.16097403043427877,0.16878326741363564,0.0032461291358461043,0.023866775127230514,0.0,0.0034672669070545713,4.684331802890797,3.8875029879525638,0.09715359960959921,0.3040521771674166,0.010840549594316053,0.0018072057320149132,0.005150819673257326,0.22978268963998946,0.2793576873882427,0.13826255143448002,0.004028312288600456,0.000547892281994707,0.000585216637567841
3.3750000000000067,0.16201095013771674,0.16981418145548607,0.0032307242457711607,0.023723147245324816,0.0,0.003469836727207678,4.680675581964925,3.885451357803527,0.09685347514638833,0.3039743804389556,0.010712689063452475,0.0017964778853016435,0.0051198225521211956,0.22985888388192136,0.2794503203330992,0.13830839827486047,0.004028526831012803,0.0005486227933040223,0.0005892274836149546
3.39583333333334,0.16305449317699874,0.17085174292333266,0.003215405968799477,0.023580339384906848,0.0,0.0034723842785797632,4.676993178838657,3.8834265639797896,0.09655189900802472,0.30389422237324376,0.010585931912242445,0.0017857452197908121,0.005089002404320956,0.22993455243100902,0.27954231416829306,0.13835392880057848,0.004028742082635041,0.0005493577139754777,0.0005932629060949316
3.4166666666666736,0.16410470110055278,0.17189599393803714,0.0032001738903464963,0.0234383475051465,0.0,0.003474909740246476,4.673284452689567,3.881428223813871,0.09624886736636266,0.30381170326803275,0.010460272492794295,0.0017750081214361606,0.005058358357782883,0.2300096979014429,0.27963367207201945,0.13839914458461866,0.0040289580406622704,0.000550097071655666,0.0005973230636446345
3.437500000000007,0.16516161571626448,0.17294697688467253,0.0031850275968553676,0.023297167576370556,0.0,0.0034774132901250593,4.669549261531772,3.879455960475913,0.09594437645811876,0.30372682320803884,0.010335705166204487,0.0017642669797588192,0.005027889542841123,0.23008432290235778,0.2797243972163268,0.1384440471969236,0.004029174702308901,0.0005508408941703893,0.0006014081159057117
3.4583333333333406,0.16622527909312088,0.17400473441415007,0.0031699666758082477,0.023156795580158974,0.0,0.0034798951049785595,4.665787462211694,3.877509402882857,0.09563842258677727,0.3036395820640052,0.010212224302546244,0.0017535221878285116,0.004997595092258403,0.23015843003780279,0.2798144927670809,0.13848863820437582,0.004029392064808327,0.0005515892095257202,0.0006055182235308952
3.479166666666674,0.16729573356286329,0.17506930944486268,0.0031549907157374405,0.023017227509438434,0.0,0.003482355360420058,4.6619989104037645,3.875588185609015,0.09533100212453141,0.3035499794917494,0.01008982428085617,0.0017427741422436015,0.004967474141246231,0.23023202190670108,0.2799039618839157,0.13853291917077346,0.004029610125412683,0.0005523420459091067,0.0006096535481903555
3.5000000000000075,0.16837302172165525,0.1761407451643385,0.0031400993062362242,0.02287845936857391,0.0,0.0034847942309169278,4.658183460606062,3.8736919487979966,0.09502211151426296,0.3034580149311976,0.009968499489119053,0.0017320232431100972,0.004937525827484706,0.2303051011028164,0.2799928077201924,0.13857689165681025,0.00402982888139265,0.000553099431690471,0.0006138142525780956
3.520833333333341,0.1694571864317582,0.17721908503090306,0.00312529203796945,0.022740487173457766,0.0,0.0034872118897951235,4.654340966135899,3.8718203380759855,0.0947117472715611,0.30336368760540333,0.009848244324250096,0.0017212698940195351,0.004907749291141694,0.2303776702147183,0.2800810334229574,0.1386205572200544,0.004030048330037172,0.0005538613954233123,0.0006180005004183781
3.5416666666666745,0.1705482708232185,0.17830437277534833,0.0031105685026839055,0.022603306951596895,0.0,0.0034896085092434802,4.650471279125363,3.869973004466334,0.09439990598678076,0.3032669965195533,0.009729053192077241,0.0017105145020257875,0.004878143674891652,0.2304497318257525,0.28016864213290654,0.13866391741493106,0.004030268468653155,0.0005546279658458082,0.000622212456472177
3.562500000000008,0.17164631829557164,0.17939665240262326,0.003095928293218461,0.02246691474219722,0.0,0.003491984260318047,4.646574250516768,3.8681496043054775,0.09408658432713911,0.30316794045995815,0.009610920507319693,0.0016997574776206647,0.0048487081239339,0.23052128851400663,0.2802556369843427,0.13870697379270136,0.004030489294565327,0.000555399171881959,0.0006264502865437082
3.5833333333333415,0.17275137251955364,0.1804959681935249,0.0030813710035139173,0.022331306596246634,0.0,0.0034943393129464304,4.642649730058082,3.8663497991601137,0.09377177903885538,0.30306651799302936,0.009493840693566975,0.0016889992347084738,0.004819441786010468,0.23059234285228297,0.28034202110514345,0.13874972790144632,0.004030710805115985,0.0005561750426426979,0.0006307141574869626
3.604166666666675,0.17386347743882535,0.18160236470640465,0.0030668962286226928,0.02219647857659522,0.0,0.0034966738359321716,4.638697566298265,3.8645732557456602,0.09345548694933027,0.30296272746424147,0.009377808183255103,0.0016782401905793718,0.004790343811423416,0.23066289740806925,0.28042779761672504,0.13879218128604906,0.004030932997664743,0.0005569556074270352,0.0006350042372122971
3.6250000000000084,0.17498267727171044,0.18271588677888642,0.0030525035647182156,0.022062426758033576,0.0,0.0034989879969591336,4.634717606582573,3.862819645845963,0.09313770496936769,0.3028565669970804,0.009262817417641534,0.0016674807658815364,0.004761413353051792,0.23073295474351055,0.2805129696340085,0.13883433548817797,0.004031155869588337,0.0005577408957232007,0.0006393206946930677
3.645833333333342,0.17610901651294275,0.18383657952959373,0.003038192609104132,0.02192914722736902,0.0,0.0035012819625959103,4.630709697047792,3.8610886462342253,0.09281843009543961,0.3027480344919783,0.009148862846779297,0.001656721384592204,0.00473264956636802,0.2308025174153819,0.2805975402653863,0.13887619204627033,0.0040313794182803946,0.0005585309372097957,0.0006436636999722951
3.6666666666666754,0.17724253993542938,0.1849644883598892,0.0030239629602232692,0.021796636083499896,0.0,0.0035035558983002564,4.626673682617421,3.8593799385951546,0.09249765941199364,0.302637127625233,0.009035938929490322,0.0016459624739875096,0.004704051609453918,0.23087158797506474,0.28068151261269336,0.1389177524955179,0.004031603641151258,0.000559325761756953,0.000648033424169379
3.687500000000009,0.17838329259202565,0.18609965895562466,0.0030098142176663845,0.02166488943748751,0.0,0.003505809968423534,4.622609406996783,3.857693209448296,0.09217539009380583,0.3025238438479142,0.008924040133335445,0.0016352044646110965,0.004675618643016313,0.23094016896852448,0.28076488977118047,0.13895901836785368,0.004031828535627741,0.0005601253994275044,0.000652430039486849
3.7083333333333424,0.17953131981731826,0.18724213728890365,0.002995745982180699,0.021533903412626405,0.0,0.003508044336215168,4.618516712668089,3.8560281500725506,0.09185161940837731,0.30240818038475614,0.008813160934586261,0.0016244477902415233,0.004647349830402143,0.23100826293628213,0.2808476748294791,0.13899999119193465,0.004032054099152985,0.0005609298804781599,0.0006568537192171614
3.729166666666676,0.1806866672294279,0.1883919696198549,0.0029817578556781683,0.021403674144512327,0.0,0.003510259163827129,4.614395440885438,3.8543844564318457,0.09152634471837665,0.3022901342330355,0.008703295818192819,0.0016136928878584646,0.004619244337613094,0.2310758724133965,0.28092987086958027,0.13904067249313115,0.00403228032918624,0.0005617392353606852,0.0006613046377495378
3.7500000000000093,0.18184938073181803,0.18954920249841506,0.002967849441243612,0.02127419778110827,0.0,0.0035124546123184225,4.610245431669764,3.8527618291019388,0.09119956348412928,0.3021697021614362,0.008594439277753316,0.0016029401976076732,0.004591301333319948,0.2311429999294419,0.28101148096680706,0.13908106379351343,0.004032507223202624,0.0005625534947230934,0.0006657829705768366
3.770833333333343,0.18301950651512192,0.19071388276612852,0.002954020343142587,0.02114547048280884,0.0,0.003514630841659598,4.60606652380372,3.8511599731983623,0.09087127326615312,0.30204688070890046,0.008486585815480594,0.001592190162764661,0.0045635199888764124,0.23120964800848645,0.2810925081897886,0.13912116661183863,0.004032734778693037,0.0005633726894108542,0.0006702888943024882
3.7916666666666763,0.18419709105897797,0.19188605755795313,0.0029402701668290623,0.021017488422502617,0.0,0.0035167880107372703,4.601858554826495,3.8495785983054613,0.09054147172774198,0.3019216661834667,0.008379729942169406,0.0015814432296971668,0.004535899478332545,0.2312758191690733,0.2811729556004369,0.13916098246353942,0.0040329629931639506,0.0005641968504680939,0.0006748225866474514
3.8125000000000098,0.1853821811338811,0.19306577430407965,0.0029265985189528736,0.020890247785632185,0.0,0.0035189262773586494,4.597621361028592,3.8480174184065308,0.09021015663759843,0.3017940546610939,0.008273866177160855,0.0015706998478263211,0.004508438978447808,0.2313415159242038,0.2812528262539266,0.139200512860714,0.004033191864137163,0.0005650260091388092,0.0006793842264572202
3.8333333333333433,0.18657482380304571,0.19425308073176406,0.002913005007366997,0.020763744770252994,0.0,0.0035210457982560897,4.593354777446528,3.8464761518150166,0.08987732587251498,0.3016640419844734,0.008168989048308928,0.0015599604695865684,0.004481137668703707,0.2314067407813182,0.28133212319867146,0.1392397593121143,0.004033421389149698,0.0005658601968680943,0.0006839739937088788
3.8541666666666767,0.18777506642428446,0.19544802486717217,0.0028994892411346074,0.02063797558708999,0.0,0.003523146729091644,4.589058637857484,3.8449545211067866,0.08954297742010553,0.30153162376182696,0.00806509309194466,0.0015492255503842538,0.004453994731315974,0.23147149624228086,0.28141084947630635,0.13927872332313723,0.004033651565753657,0.000566699445303375,0.0006885920695181999
3.87500000000001,0.18898295665189507,0.19665065503723397,0.00288605083053594,0.020512936459592315,0.0,0.0035252292244616324,4.584732774773888,3.843452253053437,0.08920710938158788,0.30139679536569325,0.007962172852839434,0.0015384955485549534,0.004427009351246464,0.23153578480336148,0.28148900812166444,0.13931740639581336,0.004033882391515988,0.0005675437862956458,0.0006932386361467803
3.8958333333333437,0.1901985424385647,0.1978610198715112,0.002872689387074955,0.02038862362398646,0.0,0.003527293437901222,4.580377019437958,3.84196907855663,0.08886971997461846,0.30125955193170206,0.007860222884168691,0.0015277709253195138,0.00440018071621455,0.23159960895522197,0.28156660216276125,0.13935581002879893,0.004034113864018348,0.0005683932519007169,0.0006979138770092248
3.916666666666677,0.1914218720372879,0.1990791683040789,0.0028594045234858236,0.020265033329327723,0.0,0.0035293395218890158,4.575991201816151,3.8405047325834345,0.08853080753617736,0.30111988835733544,0.0077592377474752505,0.001517052144738677,0.004373508016708307,0.23166297118290122,0.28164363462077613,0.1393939357173668,0.004034345980857002,0.0005692478743804788,0.0007026179766803808
3.9375000000000107,0.19265299400329522,0.2003051495754153,0.00284619585373919,0.02014216183754954,0.0,0.003531367627851642,4.571575150593592,3.839058954102674,0.0881903705255089,0.30097779930067836,0.007659212012631685,0.0015063396736665112,0.004346990445995063,0.23172587396580258,0.2817201085100371,0.1394317849533989,0.004034578739642582,0.0005701076862041553,0.0007073511209026025
3.958333333333344,0.19389195719599747,0.2015390132343084,0.0028330629930482746,0.020020005423511542,0.0,0.0035333779061683663,4.567128693168409,3.8376314860222513,0.08784840752711462,0.30083327917915714,0.007560140257802732,0.0014956339817024536,0.004320627200131831,0.2317883197776786,0.2817960268380021,0.13946935922537693,0.004034812138000018,0.0005709727200495856,0.0007121134965930793
3.9791666666666776,0.19513881078094483,0.2027808091397726,0.0028200055578747833,0.01989856037504558,0.0,0.0035353705061756976,4.562651655646037,3.836222075127437,0.08750491725380209,0.3006863221682675,0.007462017069407828,0.0014849355411419617,0.004294417477975255,0.2318503110866212,0.28187139260524724,0.1395066600183766,0.00403504617356836,0.0005718430088045044,0.0007169052918511953
4.000000000000011,0.19639360423179722,0.20403058746297692,0.0028070231659346515,0.019777822993000106,0.0,0.0035373455761720136,4.558143862833432,3.8348304720201143,0.0871598985497874,0.30053692220029155,0.007364837042082901,0.0014742448269259194,0.0042683604811911465,0.2319118503550503,0.28194620880545296,0.13954368881406068,0.004035280844000584,0.0005727185855678323,0.0007217266959659385
4.020833333333344,0.19765638733230903,0.2052883986891889,0.0027941154362035544,0.019657789591283212,0.0,0.003539303263422184,4.553605138233258,3.833456431058964,0.08681335039385665,0.30038507296300493,0.007268594778642422,0.0014635623165886362,0.004242455414263785,0.23197294003969984,0.28202047842538697,0.13958044709067066,0.004035516146963536,0.0005735994836509723,0.0007265778994233607
4.041666666666677,0.19892721017833093,0.20655429361972838,0.0027812819889222844,0.019538456496903778,0.0,0.0035412437141621985,4.5490353040379805,3.832099710300561,0.08646527190258219,0.3002307678983745,0.007173284890041971,0.0014528884902044604,0.004216701484504794,0.23203358259161175,0.28209420444489686,0.1396169363230231,0.004035752080137752,0.0005744857365791156,0.0007314590939140762
4.06250000000001,0.20020612317982234,0.2078283233739375,0.0027685224456019415,0.019419820050010896,0.0,0.0035431670736038065,4.544434181123924,3.830760071441399,0.08611566233359821,0.3000740002012457,0.007078901995340089,0.0014422238303331018,0.0041910979020617,0.23209378045612208,0.2821673898368934,0.13965315798250122,0.0040359886412173395,0.0005753773780925646,0.0007363704723408197
4.083333333333343,0.20149317706287803,0.2091105393911593,0.002755836429028953,0.019301876603932275,0.0,0.0035450734859391576,4.5398015890452585,3.8294372797607967,0.08576452108893351,0.2999147628180228,0.006985440721660311,0.001431568821963522,0.004165643879926101,0.23215353607285277,0.28224003756734034,0.13968911353705002,0.004036225827909876,0.0005762744421480507,0.0007413122288260347
4.104166666666676,0.20278842287177345,0.21040099343273239,0.002743223563269898,0.01918462252521015,0.0,0.0035469630943454514,4.535137346027932,3.8281311040646933,0.08541184771840633,0.2997530484453398,0.0068928957041543846,0.0014209239524564958,0.004140338633941589,0.23221285187570553,0.2823121505952472,0.13972480445117266,0.0040364636379361905,0.0005771769629200666,0.0007462845587195214
4.125000000000009,0.2040919119710188,0.21169973758399732,0.002730683473676242,0.01906805419363667,0.0,0.0035488360409895777,4.530441268963525,3.8268413166303126,0.0850576419230765,0.29958884952872383,0.0068012615859646824,0.0014102897114857387,0.004115181382811229,0.232271730292851,0.2823837318726559,0.13976023218592373,0.004036702069030323,0.0005780849748022187,0.0007512876586061256
4.145833333333342,0.20540369604743142,0.21300682425631895,0.0027182157868887603,0.018952168002287054,0.0,0.0035506924670327795,4.525713173403071,3.825567693151683,0.08470190355876117,0.29942215826125296,0.00671053301818815,0.001399666590977721,0.004090171348104808,0.23233017374672008,0.2824547843446303,0.13979539819890427,0.00403694111893939,0.0005789985124085658,0.0007563217263134868
4.166666666666675,0.20672382711222176,0.21432230618911569,0.002705820130841929,0.01883696035755161,0.0,0.0035525325126352933,4.5209528735507885,3.8243100126860035,0.08434463263961091,0.29925296658220607,0.006620704659839202,0.0013890550850500362,0.004065307754265685,0.23238818465400116,0.2825253109492528,0.13983030394425994,0.00403718078542341,0.000579917610574977,0.0007613869609198098
4.187500000000008,0.20805235750309561,0.21564623645191236,0.002693496134768106,0.018722427679166063,0.0,0.003554356316961026,4.516160182257768,3.8230680576008336,0.08398582934174889,0.29908126617570857,0.006531771177814317,0.0013784556899484345,0.004040589828617413,0.23244576542562845,0.2825953146176102,0.13986495087267403,0.004037421066255274,0.000580842304360515,0.0007664835627617258
4.208333333333341,0.2093893398863645,0.21697866844639527,0.002681243429201535,0.018608566400240865,0.0,0.003556164018182193,4.511334911015592,3.821841613522111,0.08362549400697324,0.2989070484693724,0.006443727246857211,0.0013678689039824236,0.004016016801369956,0.2325029184667757,0.28266479827378604,0.13989934043136376,0.004037661959220593,0.0005817726290487957,0.0007716117334421547
4.229166666666674,0.21073482725908463,0.21831965590848934,0.0026690616459822455,0.018495372967288218,0.0,0.003557955753483992,4.5064768699499,3.8206304692829636,0.0832636271465253,0.2987303046329324,0.006356567549524044,0.001357295227459503,0.003991587905625663,0.23255964617685612,0.28273376483486046,0.13993347406408013,0.004037903462117539,0.00058270862014939,0.000776771675838255
4.250000000000007,0.2120888729511943,0.21966925291044515,0.0026569504182597206,0.018382843840248762,0.0,0.0035597316590692536,4.501585867813878,3.819434416873329,0.08290022944492109,0.2985510255768804,0.006270286776150006,0.0013467351626180034,0.003967302377384866,0.2326159509495083,0.2828022172108931,0.13996735321109954,0.004038145572756824,0.0005836503133992075,0.0007819635941094024
4.27083333333334,0.2134515306276791,0.22102751386294,0.0026449093804964577,0.01827097549251604,0.0,0.003561491870163111,4.496661711981706,3.818253251390344,0.08253530176384823,0.29836920195109556,0.0061848796248158725,0.0013361892135585164,0.003943159455551254,0.23267183517259632,0.28287015830492335,0.14000097930922378,0.004038388288961526,0.0005845977447639009,0.0007871876937052251
4.291666666666673,0.2148228542907468,0.22239449351719362,0.0026329381684714087,0.01815976441095987,0.0,0.003563236521017651,4.491704208441911,3.8170867709895084,0.08216884514613135,0.2981848241434748,0.006100340801316284,0.0013256578861739702,0.003919158381936982,0.23272730122820331,0.2829375910129624,0.14003435379177617,0.004038631608566978,0.0005855509504392863,0.0007924441813736876
4.312500000000006,0.21620289828201839,0.2237702469670975,0.002621036419283193,0.018049207095948493,0.0,0.0035649657449165796,4.4867131617907,3.815934776836607,0.0818008608197635,0.29799788227856244,0.006016665019128817,0.001315141688078269,0.0038952984012673125,0.23278235149262633,0.283004518223987,0.1400674780885985,0.004038875529420683,0.000586509966852757,0.0007977332651692257
4.333333333333339,0.2175917172847372,0.22515482965136205,0.0026092037713532374,0.01793930006136947,0.0,0.0035666796741798783,4.481688375225189,3.8147970730603786,0.08143135020200565,0.2978083662161813,0.005933846999383722,0.0013046411285335916,0.003871578761185178,0.23283698833637076,0.2830709428199326,0.14010035362604767,0.004039120049382312,0.0005874748306647295,0.000803055154460946
4.354166666666672,0.21898936632598875,0.2265482973556684,0.002597439864428732,0.01783003983464884,0.0,0.0035683784401684586,4.4766296505366014,3.8136734667059207,0.08106031490355585,0.2976162655500646,0.005851881470834395,0.0012941567183762537,0.003847998712255334,0.23289121412414956,0.28313686767569274,0.1401329818269952,0.004039365166323437,0.0005884455787700674,0.0008084100599408401
4.375000000000005,0.2203959007789364,0.2279507062148457,0.002585744339585444,0.017721422956769164,0.0,0.00357006217328882,4.471536788103384,3.8125637676888147,0.08068775673278625,0.29742156960649185,0.0057707631698307215,0.0012836889699412253,0.0038245575079683056,0.23294503121487112,0.2832022956591039,0.14016536411081998,0.00403961087812751,0.0005894222482995418,0.0008137981936320933
4.395833333333338,0.22181137636508208,0.22936211271505613,0.002574116839230395,0.01761344598228691,0.0,0.003571731002997702,4.466409586884264,3.8114677887499684,0.080313677700052,0.2972242674429289,0.005690486840291611,0.0012732383969852748,0.0038012544047439775,0.23299844196164474,0.2832672296309524,0.1401975018934115,0.004039857182689842,0.0005904048766212859,0.0008192197688974195
4.416666666666671,0.2232358491565298,0.23078257369599622,0.0025625570071044295,0.01750610547934747,0.0,0.0035733850578067348,4.461247844411248,3.8103853454111607,0.07993808002206995,0.29702434784667425,0.005611047233679459,0.0012628055146086626,0.003778088661934961,0.23305144871176992,0.2833316724449613,0.1402293965871634,0.0040401040779173905,0.0005913935013422695,0.0008246750004474544
4.437500000000004,0.22466937557827502,0.23221214635311271,0.0025510644882846146,0.017399398029699958,0.0,0.0035750244652870797,4.4560513567825515,3.809316255931274,0.07956096612636862,0.29682179933351127,0.005532439108977057,0.0012523908391755866,0.003755059541829815,0.2331040538067367,0.28339562694779086,0.1402610496009738,0.004040351561728748,0.0005923881603097756,0.0008301641043492019
4.4583333333333375,0.2261120124105034,0.23365088823983313,0.0025396389291865,0.01729332022871018,0.0,0.0035766493520740807,4.450819918655467,3.8082603412632117,0.07918233865581277,0.29661661014637014,0.005454657232664153,0.0012419948882331762,0.0037321663096557354,0.23315625958221906,0.28345909597903035,0.14029246234024112,0.004040599632054008,0.0005933888916128845,0.0008356872980345326
4.4791666666666705,0.22756381679091275,0.23509885726981122,0.0025282799775662623,0.017187868685372663,0.0,0.0035782598438718984,4.445553323239164,3.807217425011491,0.07880220047319707,0.2964087682539989,0.005377696378697099,0.0012316181804291255,0.0037094082335812598,0.23320806836807573,0.28352208237119936,0.14032363620686478,0.004040848286834686,0.0005943957335839723,0.0008412448003087365
4.5000000000000036,0.22902484621704164,0.23655611171918864,0.002516987282522722,0.01708304002232157,0.0,0.003579856065458147,4.440251362287428,3.8061873333904797,0.07842055466591519,0.2961982613496472,0.005301551328488906,0.0012212612354280518,0.0036867845847184852,0.23325948248833983,0.2835845889497349,0.14035457259923886,0.004041097524023672,0.000595408724800222,0.0008468368313591325
4.520833333333337,0.2304951585486263,0.23802271022887056,0.0025057604944992355,0.016978830875840203,0.0,0.0035814381406885244,4.43491382609134,3.8051698951833024,0.07803740455070335,0.2959850768497614,0.005226216870891723,0.0012109245738264295,0.0036642946371253276,0.2333105042612221,0.28364661853299533,0.14038527291225403,0.004041347341585113,0.000596427904085143,0.0008524636127637295
4.54166666666667,0.23197481200996228,0.23949871180681642,0.0024945992652854214,0.01687523789586977,0.0,0.0035830061925014403,4.429540503471887,3.8041649417013783,0.07765275367845649,0.2957692018926978,0.005151687802180193,0.001200608717066222,0.0036419376678071685,0.23336113599910197,0.28370817393224984,0.1404157385372922,0.004041597737494381,0.0005974533105100891,0.000858125367499941
4.562500000000003,0.2334638651922907,0.24098417583034484,0.002483503248018842,0.01677225774601654,0.0,0.003584560342922632,4.424131181772486,3.80317230674459,0.07726660583912257,0.29555062333744964,0.005077958926037378,0.001190314187347224,0.003619712956718571,0.23341138000852824,0.2837692579516789,0.14044597086222693,0.004041848709737913,0.0005984849833958051,0.0008638223199533487
4.583333333333336,0.23496237705619813,0.24247916204845482,0.002472472097186467,0.016669887103558264,0.0,0.003586100713069786,4.418685646851492,3.802191826562075,0.0768789650666673,0.29532932776239534,0.005005025053542141,0.0011800415075380593,0.0035976197867646394,0.23346123859021542,0.28382987338837007,0.14047597127142125,0.004042100256313151,0.0005995229623139603,0.000869554695926528
4.604166666666669,0.23647040693403223,0.2439837305841669,0.002461505468626073,0.01656812265944937,0.0,0.0035876274231571434,4.413203683074589,3.8012233398136286,0.07648983564412035,0.2951053014640657,0.004932881003158314,0.001169791201085861,0.0035756574438020926,0.23351071403903514,0.2838900230323072,0.14050574114572248,0.004042352375228526,0.0006005672870887173,0.0008753227226479414
4.625000000000002,0.23798801453233948,0.2454979419368719,0.002450603019527545,0.01646696111832523,0.0,0.003589140592500105,4.407685073307145,3.8002666875317095,0.0760992221086939,0.2948785304559357,0.004861521600725806,0.0011595637919247178,0.003553825216640218,0.23355980864402004,0.2839497096663758,0.14053528186246456,0.004042605064503334,0.0006016179977982962,0.0008811266287808609
4.645833333333335,0.23951525993431222,0.24702185698470092,0.0024397644084339877,0.016366399198505167,0.0,0.003590640339519827,4.402129598906494,3.7993217130840384,0.07570712925697909,0.29464900046724063,0.004790941679454079,0.0011493598043828058,0.0035321223970414843,0.23360852468835516,0.2840089360663517,0.14056459479546277,0.004042858322167667,0.000602675134776544,0.0008869666444323647
4.666666666666668,0.24105220360225596,0.2485555369869118,0.0024289892952427945,0.016266433631994585,0.0,0.0035921267817478142,4.3965370397141506,3.798388262136782,0.07531356215022061,0.2944166969418203,0.004721136079917346,0.0011391797630882553,0.0035105482797220763,0.23365686444937125,0.28406770500089373,0.14059368131500996,0.004043112146262376,0.0006037387386145332,0.0008928430011623953
4.687500000000001,0.2425989063800803,0.2500990435862875,0.0024182773412065694,0.016167061164486067,0.0,0.0035936000358305015,4.390907174047961,3.7974661826183107,0.07491852611966586,0.29418160503699176,0.004652099650051651,0.0011290241928737907,0.0034891021623520385,0.2337048301985487,0.2841260192315482,0.14062254278787864,0.0040433665348389766,0.0006048088501621532,0.0008987559319928569
4.708333333333334,0.2441554294957968,0.25165243881155214,0.0024076282089339172,0.016068278555359323,0.0,0.003595060217533831,4.385239778694167,3.7965553246835224,0.0745220267719949,0.2939437096224564,0.004583827245154951,0.0011188936186801396,0.0034677833455553364,0.2337524242015094,0.28418388151273866,0.1406511805773163,0.004043621485959537,0.0006058855105297095,0.0009047056714167778
4.729166666666667,0.24572183456403765,0.253215785079804,0.0023970415623901964,0.01597008257768051,0.0,0.003596507441747824,4.379534628899442,3.7956555406787262,0.07412406999482431,0.2937029952792419,0.004516313727888725,0.0011087885654582357,0.0034465911329096383,0.23379964871801118,0.2842412945917596,0.14067959604304187,0.004043876997696671,0.0006069687610895536,0.0009106924554075328
4.75,0.24729818358859665,0.2547891451989683,0.0023865170668980595,0.01587247001819997,0.0,0.003597941822491139,4.3737914983628325,3.7947666851070734,0.07372466196229162,0.29345944629868004,0.004449553968281811,0.0010987095580702023,0.0034255248309459528,0.2338465060019435,0.28429826120877133,0.1407077905412433,0.004044133068133423,0.0006080586434777056,0.0009167165214281353
4.770833333333333,0.24888453896498255,0.25637258237025756,0.0023760543891379747,0.015775437677349798,0.0,0.00359936347291563,4.368010159227616,3.7938886145945316,0.07332380914071679,0.29321304668142845,0.004383542843737368,0.0010886571211891746,0.00340458374914798,0.23389299830132615,0.2843547840967976,0.14073576542457664,0.004044389695363226,0.0006091551995954874,0.0009227781084405586
4.791666666666666,0.2504809634829919,0.25796616019065954,0.0023656531971486395,0.015678982369240105,0.0,0.0036007725053108864,4.362190382073139,3.7930211878563904,0.0729215182943402,0.2929637801365327,0.004318275239041465,0.0010786317791979696,0.0033837671999513205,0.2339391278582994,0.2844108659817145,0.14076352204216022,0.00404464687748992,0.0006102584716111919,0.0009288774569151506
4.812499999999999,0.25208752032929876,0.25956994265543115,0.0023553131603272076,0.015583100921654028,0.0,0.0036021690311087793,4.356331935906554,3.7921642656642907,0.07251779649113903,0.292711630080539,0.004253746046374936,0.0010686340560866002,0.0033630744987424516,0.23398489690912272,0.2844665095822485,0.14079106173957381,0.004044904612627532,0.0006113685019617156,0.0009350148088400758
4.833333333333332,0.25370427309006305,0.26118399416061777,0.0023450339494295084,0.015487790176042387,0.0,0.0036035531608879815,4.350434588154485,3.7913177108137703,0.07211265110872245,0.2924565796366541,0.004189950165326152,0.001058664475348702,0.003342504963857561,0.23403030768416638,0.28452171760996625,0.1408183858588536,0.004045162898900328,0.0006124853333542472,0.0009411904077308423
4.854166666666665,0.2553312857535618,0.26280837950558517,0.002334815236570127,0.015393046987517093,0.0,0.0036049250043784964,4.344498104654618,3.79048138809232,0.07170608984030022,0.29219861163396027,0.004126882502908769,0.0010487235598768247,0.0033220579165810986,0.23407536240791096,0.28457649276927405,0.14084549573849187,0.004045421734442696,0.0006136090087679445,0.0009474044986398771
4.874999999999998,0.2569686227128216,0.26444316389556843,0.002324656695222385,0.015298868224844034,0.0,0.0036062846704661656,4.338522249647276,3.7896551642479395,0.07129812070073369,0.2919377086066877,0.004064537973579991,0.0010388118318567314,0.0033017326811442516,0.23412006329893117,0.2846308377573981,0.14087239271342733,0.004045681117399135,0.0006147395714556236,0.0009536573281661603
4.895833333333331,0.25861634876829276,0.26608841294423863,0.0023145580002182273,0.015205250770434773,0.0,0.00360763226719717,4.332506785766855,3.7888389079581866,0.07088875203265707,0.29167385279354674,0.004002911499262413,0.0010289298126605483,0.0032815285847231407,0.23416441256990062,0.28468475526439047,0.1408990781150479,0.004045941045924151,0.0006158770649454589,0.0009599491444649205
4.916666666666664,0.2602745291305257,0.2677441926762911,0.002304518827748033,0.015112191520337338,0.0,0.003608967901782531,4.326451474033219,3.7880324897997104,0.07047799251267955,0.2914070261371261,0.003941998009368997,0.001019078022738975,0.0032614449574368755,0.23420841242757745,0.2847382479731113,0.14092555327118209,0.004046201518182213,0.00061702153304271,0.000966280197257412
4.937499999999997,0.2619432294228675,0.26941056953004194,0.002294538855360324,0.015019687384226791,0.0,0.003610291680602586,4.320356073843052,3.7872357822182656,0.07006585115765952,0.29113721028335965,0.0038817924408294825,0.0010092569815124686,0.003241481132345467,0.23425206507279991,0.28479131855922396,0.14095181950609637,0.004046462532347726,0.0006181730198314354,0.0009726507378407149
4.95833333333333,0.2636225156841858,0.2710876103600523,0.002284617761961327,0.014927735285394176,0.0,0.00361160370921147,4.314220342961082,3.786448659499196,0.06965233733105597,0.29086438658106495,0.0038222897381214775,0.0009994672072614582,0.0032216364454474814,0.23429537270047976,0.28484396969118636,0.1409778781404912,0.004046724086604941,0.000619331569676227,0.0009790610190976387
4.979166666666663,0.2653124543715984,0.2727753824397618,0.0022747552278145535,0.014836332160735283,0.0,0.003612904092341577,4.308044037511294,3.7856709977383773,0.06923746074935086,0.2905885360815617,0.003763484853302221,0.000989709217015621,0.003201910235677614,0.23433833749959207,0.28489620403023913,0.14100373049149487,0.004046986179147905,0.0006204972272239623,0.0009855112955066542
4.9999999999999964,0.26700940319234306,0.27447024884497645,0.0022649298136485545,0.014745279231681516,0.0,0.003614195710394024,4.301840471649755,3.7849010196545243,0.06882213929332827,0.2903090387256945,0.0037052475580805102,0.0009800047383782162,0.0031822596035424536,0.23438086926304996,0.28494791190735885,0.14102932228059747,0.004047140460008289,0.0006216558495685249,0.0009919891960062943
