time,e_ActiveBiomass__cytop,EX_C00009__dra,DM_C02094__chlo,EX_C00244__dra,EX_C00011__dra,DM_C00404__vacu,DM_C00244__cytop,EX_C00205__dra,DM_C08601__chlo
0.0,0.0,0.0,0.0,0.0,0.0,0.0,0.0,0.0,0.0
0.020833333333333332,0.6040980702552936,-0.09507101086048456,0.00011596146007004088,-4.0709543039730995,-30.481290866741336,-0.0001641857142857143,-0.5936278369961183,-470.2884343942138,0.0001735630762891158
0.041666666666666664,0.60398644468762,-0.09505486229540523,0.00011491978759829511,-4.025823726406956,-30.475174635968127,-0.00016409862765405931,-0.6377029380010866,-470.19087895332297,0.0001715269916045756
0.0625,0.6038734790453397,-0.09503848904852988,0.00011388801811795404,-3.98336629773961,-30.468997454792742,-0.0001640117282158961,-0.6790972092108989,-470.09242365894005,0.0001695220269241701
0.08333333333333333,0.6037591604726149,-0.09502188899842846,0.00011286609187983114,-3.9434179976730395,-30.462758605095704,-0.00016392501640440064,-0.7179745438780945,-469.9930569758034,0.00016754780180022895
0.10416666666666666,0.603643472915591,-0.09500505942738088,0.00011185396713602986,-3.9058264520586374,-30.45645721160178,-0.00016383849550621055,-0.7544871660954047,-469.89276496637467,0.00016560394255124737
0.12499999999999999,0.6035263989298985,-0.0949879973621068,0.00011085160940173845,-3.870449167444858,-30.450092330535934,-0.0001637521698954959,-0.7887774091863706,-469.79153264496,0.00016369007795618713
0.14583333333333331,0.6034079202131832,-0.09497069967525576,0.00010985898789163552,-3.83715258840315,-30.443662975662797,-0.00016366604448029177,-0.8209786621591686,-469.689344374912,0.00016180583787796265
0.16666666666666666,0.6032880178253757,-0.09495316312732315,0.00010887607388565124,-3.805811403563852,-30.437168129045276,-0.00016358012446260394,-0.85121606522923,-469.58618403266905,0.00015995085278368979
0.1875,0.6031666722941244,-0.09493538438714458,0.00010790283983001712,-3.77630796670545,-30.430606746192854,-0.00016349441521442708,-0.8796070894754848,-469.482035086242,0.0001581247536212083
0.20833333333333334,0.6030438636698795,-0.09491736004296394,0.0001069392587787876,-3.7485317867023804,-30.423977758754226,-0.00016340892220587455,-0.906262047283187,-469.3768806362813,0.00015632717185710024
0.22916666666666669,0.6029195715603078,-0.09489908660876804,0.00010598530401482754,-3.7223790661026754,-30.417280076207618,-0.00016332365095994743,-0.9312845540134802,-469.2707034419199,0.00015455773959250613
0.25,0.6027937751463401,-0.09488056052800804,0.00010504094877473853,-3.69775227782141,-30.410512586651027,-0.00016323860702222842,-0.954771951426153,-469.16348593285886,0.0001528160897161432
0.2708333333333333,0.6026664531920828,-0.0948617781757696,0.00010410616603866952,-3.674559773691028,-30.403674157294493,-0.0001631537959395398,-0.9768156992026951,-469.0552102169333,0.0001511018560735446
0.29166666666666663,0.6025375840515024,-0.09484273585996762,0.00010318092836324893,-3.652715420714581,-30.396763634797974,-0.00016306922324428813,-0.997501738744857,-468.9458580853371,0.0001494146736411544
0.31249999999999994,0.6024071456677116,-0.09482342982189745,0.00010226520774464326,-3.6321382620130787,-30.38977984524103,-0.0001629848944425788,-1.0169108322241063,-468.8354110121938,0.0001477541786986366
0.33333333333333326,0.6022751155730625,-0.09480385623634278,0.00010135897550386616,-3.6127522001347083,-30.38272159413646,-0.00016290081500492786,-1.035118879276741,-468.7238501548247,0.00014612000899616185
0.3541666666666666,0.6021414725845612,-0.09478401146613014,0.0001004622126915912,-3.594485906149346,-30.375587756602382,-0.00016281699130563993,-1.0521970228507933,-468.61115777624093,0.0001445118230797561
0.3749999999999999,0.6020061916827888,-0.09476389129425718,9.957487786223701e-05,-3.5772718947806705,-30.36837700481039,-0.00016273342773164942,-1.0682125288693163,-468.49731294447207,0.00014292924158617647
0.3958333333333332,0.6018692491508896,-0.09474349169381545,9.869693980116504e-05,-3.5610469471996224,-30.361088081795607,-0.00016265012960832374,-1.0832284089216748,-468.3822958549151,0.0001413719076705184
0.4166666666666665,0.6017306208439168,-0.094722808569366,9.782836629965761e-05,-3.5457516264011932,-30.35371970919634,-0.00016256710220249188,-1.0973038895491172,-468.2660863736214,0.00013983946654585094
0.43749999999999983,0.6015902821860099,-0.09470183775606533,9.696912409958591e-05,-3.5313300486433614,-30.346270587122238,-0.00016248435071872382,-1.1104946407882221,-468.14866403533085,0.0001383315656092402
0.45833333333333315,0.6014482081620408,-0.09468057501869866,9.61191788454566e-05,-3.517729668978227,-30.338739393745207,-0.00016240188029609161,-1.122852990580275,-468.03000803722733,0.00013684785455962936
0.47916666666666646,0.601304373311987,-0.0946590160506342,9.527849504319884e-05,-3.5049010799482456,-30.331124785026514,-0.00016231969600532316,-1.1344281260359566,-467.9100972347934,0.0001353879855080445
0.4999999999999998,0.6011587517225828,-0.09463715647270864,9.444703602507675e-05,-3.4927978225972347,-30.32342539430765,-0.00016223780284627684,-1.1452662823647528,-467.7889101355622,0.0001339516130803585
0.5208333333333331,0.6010113170209215,-0.09461499183205062,9.3624763920309e-05,-3.4813762090084537,-30.315639831997892,-0.00016215620574568516,-1.1554109202916263,-467.6664248943602,0.00013253839451305048
0.5416666666666665,0.60086204236581,-0.09459251760084843,9.281163963103155e-05,-3.4705951556410506,-30.307766685149605,-0.00016207490955512534,-1.1649028926583833,-467.5426193068125,0.00013114798974236076
0.5624999999999999,0.6007109004402565,-0.0945697291750655,9.20076228132907e-05,-3.46041602678647,-30.29980451708989,-0.00016199391904918645,-1.173780600913593,-467.4174708037223,0.00012978006148720248
0.5833333333333333,0.6005578634436127,-0.09454662187310699,9.121267186275767e-05,-3.4508024875137777,-30.291751867034424,-0.00016191323892380605,-1.1820801421106464,-467.2909564451675,0.000128434275326104
0.6041666666666666,0.6004029030805584,-0.09452319093443942,9.042674390497281e-05,-3.441720365515341,-30.283607249543092,-0.000161832873794757,-1.189835446981721,-467.1630529121617,0.00012711029976864924
0.625,0.6002459905546792,-0.09449943151816524,8.964979478985046e-05,-3.43313752130195,-30.275369154205645,-0.00016175282819626898,-1.1970784096968141,-467.03373650185534,0.0001258078063216071
0.6458333333333334,0.6000870965591066,-0.09447533870155334,8.888177909022914e-05,-3.425023726235019,-30.26703604517924,-0.00016167310657977003,-1.203839009763251,-466.90298312045724,0.00012452646955005115
0.6666666666666667,0.5999261912653786,-0.09445090747852584,8.812265010428553e-05,-3.417350547914216,-30.25860636063767,-0.00016159371331273757,-1.210145426556604,-466.7707682747897,0.0001232659671337741
0.6875000000000001,0.5997632443162954,-0.09442613275810237,8.737235986160803e-05,-3.4100912424700254,-30.250078512419677,-0.00016151465267765132,-1.2160241469764155,-466.63706706691295,0.00012202597991921623
0.7083333333333335,0.5995982248127504,-0.09440100936280105,8.663085913271538e-05,-3.4032206533409295,-30.24145088537573,-0.0001614359288710381,-1.2215000665718931,-466.5018541840986,0.00012080619196709209
0.7291666666666669,0.599431101307627,-0.09437553202699701,8.589809744184624e-05,-3.396715116138457,-30.232721837068265,-0.0001613575460026055,-1.2265965846329547,-466.36510389425354,0.00011960629059593145
0.7500000000000002,0.599261841791992,-0.09434969539523734,8.517402308284784e-05,-3.390552369231987,-30.223889697086125,-0.00016127950809445476,-1.2313356935032593,-466.22679003539054,0.00011842596642178008
0.7708333333333336,0.5990904136856142,-0.09432349402051282,8.445858313794254e-05,-3.3847114697038254,-30.21495276657511,-0.00016120181908037268,-1.2357380625555878,-466.0868860084363,0.00011726491339412107
0.791666666666667,0.5989167838272356,-0.09429692236248557,8.375172349921417e-05,-3.379172714350196,-30.20590931775642,-0.00016112448280519574,-1.2398231171193248,-465.9453647698428,0.00011612282882824601
0.8125000000000003,0.5987409184627769,-0.09426997478579573,8.305338889565955e-05,-3.373917565444516,-30.196757593342106,-0.00016104750302456636,-1.2436091126304443,-465.8021988226273,0.00011499941343914074
0.8333333333333337,0.5985627832329588,-0.09424264555806308,8.23635229159244e-05,-3.3689285809019607,-30.187495805918765,-0.000160970883404055,-1.2471132043746271,-465.6573602068935,0.00011389437136114223
0.8541666666666671,0.5983823431619981,-0.09421492884784767,8.168206803392586e-05,-3.364189348638948,-30.178122137384353,-0.0001608946275184004,-1.2503515130434164,-465.51082049118,0.00011280741016576433
0.8750000000000004,0.5981995626458213,-0.09418681872283931,8.100896564309696e-05,-3.3596844249118263,-30.168634738364126,-0.00016081873885152563,-1.2533391863087182,-465.3625507634998,0.00011173824088718783
0.8958333333333338,0.5980144054391435,-0.09415830914785361,8.034415608876941e-05,-3.3553992763201763,-30.15903172756773,-0.00016074322079622115,-1.2560904567234021,-465.21252162146027,0.0001106865780387785
0.9166666666666672,0.5978268346438489,-0.094129393982779,7.968757870221153e-05,-3.351320225281457,-30.149311191211428,-0.00016066807665388513,-1.2586186961603163,-465.0607031633896,0.0001096521396267589
0.9375000000000006,0.5976368126969865,-0.09410006698047389,7.903917183618478e-05,-3.347434398768124,-30.139471182419946,-0.00016059330963431962,-1.260936466985493,-464.90706497914465,0.00010863464716119326
0.9583333333333339,0.5974443013557401,-0.09407032178461203,7.839887290181369e-05,-3.3437296801108025,-30.12950972047744,-0.00016051892285557823,-1.263055570142671,-464.7515761385897,0.00010763382566429933
0.9791666666666673,0.5972492616836566,-0.09404015192747586,7.776661840666656e-05,-3.340194663682205,-30.119424790140915,-0.00016044491934386838,-1.2649870903664042,-464.5942051810389,0.00010664940367627343
1.0000000000000007,0.5970516540403833,-0.09400955082769584,7.714234399386715e-05,-3.3368186122888575,-30.109214341128524,-0.00016037130203350267,-1.2667414387134088,-464.4349201073919,0.0001056811132586761
1.020833333333334,0.5968514380636692,-0.09397851178793475,7.65259844820795e-05,-3.3335914171088885,-30.09887628722079,-0.00016029807376689896,-1.2683283924897242,-464.2736883663002,0.0001047286899954415
1.0416666666666672,0.5966485726566413,-0.0939470279925157,7.591747390625153e-05,-3.330503560020763,-30.088408505625157,-0.00016022523729462907,-1.269757132826212,-464.1104768443889,0.00010379187299164593
1.0625000000000004,0.5964430159728005,-0.09391509250499173,7.53167455589638e-05,-3.327546078180918,-30.07780883622656,-0.00016015279527551335,-1.271036279988237,-463.9452518547255,0.00010287040487009086
1.0833333333333337,0.5962347254014493,-0.09388269826565682,7.472373203225417e-05,-3.3247105307145604,-30.06707508085839,-0.0001600807502767599,-1.2721739265747583,-463.7779791255929,0.00010196403176578675
1.104166666666667,0.5960236575508358,-0.09384983808899541,7.413836525979371e-05,-3.321988967393029,-30.056205002459883,-0.0001600091047741483,-1.2731776687140037,-463.60862378751415,0.00010107250331841625
1.1250000000000002,0.5958097682337671,-0.09381650466106949,7.356057655930408e-05,-3.3193738991779145,-30.04519632435553,-0.00015993786115225568,-1.274054635410407,-463.437150362156,0.0001001955726628794
1.1458333333333335,0.5955930124502421,-0.09378269053684171,7.299029667508796e-05,-3.3168582705206706,-30.03404672938556,-0.00015986702170472431,-1.2748115161136013,-463.2635227489319,9.933299641796897e-05
1.1666666666666667,0.5953733443713873,-0.09374838813743265,7.24274558205605e-05,-3.3144354333116754,-30.022753859101513,-0.00015979658863456912,-1.275454586647752,-463.0877042126095,9.848453467324933e-05
1.1875,0.5951507173218886,-0.09371358974731023,7.187198372071595e-05,-3.3120991223802414,-30.011315312885365,-0.00015972656405452526,-1.2759897335781472,-462.90965736973214,9.764995097427876e-05
1.2083333333333333,0.5949250837633299,-0.09367828751141004,7.132380965436845e-05,-3.309843432452266,-29.99972864711391,-0.0001596569499874326,-1.2764224771269186,-462.72934417574265,9.682901230613406e-05
1.2291666666666665,0.5946963952750756,-0.09364247343218397,7.078286249615391e-05,-3.307662796478419,-29.987991374200067,-0.0001595877483666584,-1.2767579926995962,-462.5467259101992,9.602148907545268e-05
1.2499999999999998,0.5944646025377562,-0.09360613936657594,7.024907075813837e-05,-3.305551965250202,-29.97610096176391,-0.0001595189610365545,-1.2770011311432548,-462.36176316399644,9.52271550909379e-05
1.270833333333333,0.5942296553124703,-0.09356927702292195,6.972236263100561e-05,-3.303505988227381,-29.964054831588346,-0.00015945058975295066,-1.2771564377605342,-462.17441582325796,9.444578754249143e-05
1.2916666666666663,0.5939915024219896,-0.09353187795777355,6.920266602471462e-05,-3.3015201955032283,-29.951850358675323,-0.00015938263618368046,-1.2772281702011354,-461.98464305478007,9.367716697898181e-05
1.3124999999999996,0.593750091732482,-0.09349393357264099,6.86899086085801e-05,-3.2995901808399206,-29.93948487032717,-0.0001593151019091413,-1.2772203152865953,-461.792403291857,9.292107728475001e-05
1.3333333333333328,0.5935053701312224,-0.09345543511065521,6.818401785071942e-05,-3.2977117857102787,-29.92695564502644,-0.00015924798842288423,-1.2771366047983834,-461.59765421700257,9.217730565494253e-05
1.354166666666666,0.5932572835072473,-0.09341637365314598,6.768492105677551e-05,-3.2958810842845314,-29.914259911463187,-0.00015918129713223575,-1.2769805303430197,-461.4003527469353,9.144564256966394e-05
1.3749999999999993,0.5930057767296792,-0.09337674011613371,6.719254540790045e-05,-3.2940943693063245,-29.90139484744472,-0.00015911502935894842,-1.276755357310111,-461.20045501575515,9.07258817670925e-05
1.3958333333333326,0.5927507936259315,-0.09333652524673244,6.670681799794405e-05,-3.2923481388042286,-29.88835757879889,-0.0001590491863398802,-1.2764641379937829,-460.9979163580153,9.001782021560162e-05
1.4166666666666659,0.5924922769584796,-0.09329571961946194,6.622766586978501e-05,-3.290639083588678,-29.875145178205432,-0.00015898376922770136,-1.276109723917692,-460.7926912906801,8.932125808491467e-05
1.4374999999999991,0.5922301684039885,-0.09325431363246602,6.575501605079497e-05,-3.2889640754870464,-29.861754664144794,-0.0001589187790916279,-1.2756947774395884,-460.5847334968979,8.863599871640433e-05
1.4583333333333324,0.5919644085277161,-0.0932122975036345,6.528879558738651e-05,-3.2873201562732888,-29.848182999609456,-0.00015885421691817986,-1.2752217826252323,-460.3739958061034,8.796184859257106e-05
1.4791666666666656,0.5916949367606563,-0.09316966126662632,6.482893157862148e-05,-3.2857045272493863,-29.83442709095278,-0.00015879008361196475,-1.2746930554912606,-460.16043017624145,8.72986173057627e-05
1.499999999999999,0.5914216913741768,-0.09312639476679042,6.437535120884837e-05,-3.28411453944034,-29.820483786611227,-0.00015872637999648394,-1.2741107536151262,-459.9439876740341,8.664611752618556e-05
1.5208333333333321,0.5911446094549561,-0.09308248765698246,6.39279817793709e-05,-3.2825476843653285,-29.806349875841807,-0.0001586631068149618,-1.2734768851713016,-459.7246184554823,8.600416496929991e-05
1.5416666666666654,0.5908636268974676,-0.09303792939642751,6.348675073535705e-05,-3.2810015852467678,-29.792022088342478,-0.0001586002647269148,-1.2727933176639508,-459.5022717599991,8.537257836644323e-05
1.5624999999999987,0.5905786783802692,-0.09299270924679244,6.305158569574202e-05,-3.279473988840652,-29.777497093057487,-0.0001585378543088436,-1.2720617859143046,-459.2768958919588,8.475117943114178e-05
1.583333333333332,0.5902896973183704,-0.09294681626422832,6.262241448638269e-05,-3.2779627578681203,-29.762771495776533,-0.0001584758760600932,-1.2712838992621873,-459.0484381836104,8.413979282033091e-05
1.6041666666666652,0.5899966158354691,-0.09290023929474354,6.219916516753249e-05,-3.2764658637618576,-29.7478418377345,-0.00015841433040374584,-1.270461148605607,-458.81684497344673,8.35382460996952e-05
1.6249999999999984,0.5896993647334656,-0.09285296696945944,6.178176606028648e-05,-3.274981379835554,-29.732704594075322,-0.00015835321768752848,-1.269594912996706,-458.5820615824744,8.294636970862594e-05
1.6458333333333317,0.5893978734666547,-0.09280498769974219,6.137014577200355e-05,-3.273507474850427,-29.717356172548335,-0.00015829253818473843,-1.268686465875306,-458.34403229406644,8.236399692484496e-05
1.666666666666665,0.5890920701067486,-0.09275628967220714,6.0964233220694595e-05,-3.2720424069561704,-29.701792911746317,-0.00015823229209518377,-1.2677369808591865,-458.1027003267444,8.179096382872458e-05
1.6874999999999982,0.5887818813156905,-0.09270686084359218,6.05639576583951e-05,-3.27058451798155,-29.686011079732143,-0.00015817247954614128,-1.2667475372428076,-457.85800781295427,8.12271092673622e-05
1.7083333333333315,0.5884672323118125,-0.09265668893549649,6.016924869351052e-05,-3.26913222805561,-29.670006872332692,-0.00015811310059332724,-1.2657191251154174,-457.60989577270294,8.06722748184316e-05
1.7291666666666647,0.5881480468380685,-0.09260576142898032,5.978003631215542e-05,-3.2676840305379087,-29.653776411535024,-0.0001580541552218825,-1.2646526501851665,-457.3583040887764,8.012630475386654e-05
1.749999999999998,0.5878242471268549,-0.09255406555902242,5.939625089849288e-05,-3.266238487239749,-29.637315743712566,-0.0001579956433473701,-1.2635489382867955,-457.1031714793313,7.958904600341145e-05
1.7708333333333313,0.587495753867044,-0.09250158830883048,5.901782325408133e-05,-3.264794223917952,-29.620620837960793,-0.00015793756481678503,-1.262408739632817,-456.8444354721713,7.906034811806705e-05
1.7916666666666645,0.5871624861684608,-0.09244831640400064,5.864468461624682e-05,-3.263349926025379,-29.603687584304268,-0.0001578799194095744,-1.261232732788578,-456.58203237703964,7.854006323347643e-05
1.8124999999999978,0.58682436152412,-0.09239423630652167,5.827676667548828e-05,-3.261904334701949,-29.586511791792194,-0.0001578227068386675,-1.2600215283899932,-456.3158972561902,7.802804603327137e-05
1.833333333333331,0.5864812957750993,-0.09233933420861912,5.791400159193855e-05,-3.2604562429910824,-29.56908918672399,-0.00015776592675151584,-1.2587756726551187,-456.04596389696263,7.752415371242178e-05
1.8541666666666643,0.5861332030700526,-0.09228359602643525,5.755632201089735e-05,-3.2590044922685437,-29.55141541060762,-0.00015770957873114029,-1.2574956506431039,-455.77216478023104,7.70282459406202e-05
1.8749999999999976,0.5857799958278863,-0.09222700739353933,5.7203661077449165e-05,-3.257547968869393,-29.53348601827422,-0.00015765366229718663,-1.2561818893382024,-455.4944310512635,7.654018482571702e-05
1.8958333333333308,0.5854215978007261,-0.09216955585782252,5.6855951109849004e-05,-3.256085547257434,-29.515297136031872,-0.00015759817483145658,-1.2548349149584852,-455.21270268411365,7.605983642057187e-05
1.916666666666664,0.5850579485679618,-0.09211123163031863,5.6513123438669956e-05,-3.2546160784700717,-29.496845688090527,-0.00015754311111586082,-1.253455399078545,-454.92693197847666,7.558707096449792e-05
1.9374999999999973,0.5846889569908695,-0.09205201976086556,5.617511312335591e-05,-3.2531385855776045,-29.478127051447586,-0.0001574884706645116,-1.2520436051471697,-454.6370473421331,7.512175741371763e-05
1.9583333333333306,0.5843145300950426,-0.09199190499932512,5.584185574999005e-05,-3.2516521238292184,-29.459136511068706,-0.00015743425293042676,-1.2505997504967508,-454.3429757644424,7.466376702129281e-05
1.9791666666666639,0.5839345730264425,-0.09193087178853332,5.551328744299809e-05,-3.2501557781977453,-29.43986925767001,-0.0001573804573065644,-1.2491240084591975,-454.0446427820726,7.421297330164725e-05
1.9999999999999971,0.5835489890073344,-0.09186890425706361,5.51893448759897e-05,-3.2486486610515226,-29.42032038549463,-0.000157327083126864,-1.2476165103537453,-453.74197244463693,7.376925199522912e-05
2.0208333333333304,0.5831576792922607,-0.09180598621179743,5.48699652817738e-05,-3.2471299099453717,-29.400484890089814,-0.0001572741296672918,-1.24607734735544,-453.43488728033725,7.333248103335507e-05
2.041666666666664,0.5827605431207314,-0.0917421011302961,5.455508646155527e-05,-3.2455986855232135,-29.380357665919828,-0.0001572215961468898,-1.2445065722272766,-453.1233082590762,7.290254050322874e-05
2.0624999999999973,0.5823574776466307,-0.09167723214891763,5.4244646795063856e-05,-3.2440541696154743,-29.359933502804864,-0.00015716948173197573,-1.2429042006779798,-452.807154737431,7.247931261090256e-05
2.083333333333331,0.5819483777241609,-0.09161136202746348,5.3938585258976574e-05,-3.242495563937672,-29.339207075131963,-0.00015711778555756832,-1.2412702110153355,-452.486344292006,7.206268163227843e-05
2.1041666666666643,0.5815331359958188,-0.09154447316366654,5.363684142259048e-05,-3.240922087661142,-29.31817294628346,-0.00015706650670887365,-1.2396045472504187,-452.16079278779546,7.165253389355108e-05
2.124999999999998,0.5811116428743476,-0.09147654759075383,5.333935545137688e-05,-3.239332975534021,-29.29682556772346,-0.00015701564421735499,-1.2379071208362027,-451.830414364052,7.124875774083578e-05
2.1458333333333313,0.5806837864916671,-0.09140756696861166,5.304606811264584e-05,-3.2377274762392996,-29.275159276420144,-0.0001569651970618147,-1.236177811914779,-451.4951213944481,7.085124350636399e-05
2.1666666666666647,0.5802494526414843,-0.09133751257471011,5.275692078055839e-05,-3.2361048508245895,-29.25316829195036,-0.00015691516416947468,-1.2344164704445655,-451.15482444233186,7.045988347499943e-05
2.1874999999999982,0.5798085247245947,-0.09126636529477922,5.247185544049119e-05,-3.23446437119664,-29.230846713738558,-0.00015686554441705772,-1.2326229172830447,-450.80943221805967,7.007457185104791e-05
2.2083333333333317,0.5793608836882886,-0.09119410561323071,5.219081469278668e-05,-3.232805318676252,-29.20818851800053,-0.00015681633663186642,-1.2307969451644198,-450.4588515317678,6.969520472539221e-05
2.229166666666665,0.5789064079697098,-0.09112071360331712,5.1913741755921966e-05,-3.2311269826070808,-29.185187554883502,-0.00015676753959286132,-1.2289383196526034,-450.1029872491724,6.932168004297164e-05
2.2499999999999987,0.5784449734319286,-0.091046168917022,5.164058046910003e-05,-3.229428659014603,-29.16183754524203,-0.00015671915203173498,-1.2270467799893283,-449.741742241753,6.895389757059043e-05
2.270833333333332,0.5779764533012857,-0.09097045077467197,5.1371275294309735e-05,-3.2277096493086157,-29.138132077475934,-0.00015667117263398414,-1.2251220399075953,-449.37501733788855,6.859175886509371e-05
2.2916666666666656,0.5775007181041182,-0.09089353795426462,5.110577131786245e-05,-3.225969259024966,-29.114064604337823,-0.0001566236000399778,-1.22316378840135,-449.0027112735222,6.823516724189937e-05
2.312499999999999,0.5770176355976939,-0.09081540878050255,5.0844014251435145e-05,-3.2242067966017594,-29.089628439448887,-0.00015657643284602024,-1.2211716904163747,-448.6247206383264,6.7884027743904e-05
2.3333333333333326,0.576527070703697,-0.09073604111352651,5.058595043263985e-05,-3.2224215721838636,-29.064816753942708,-0.00015652966960541035,-1.219145387532091,-448.24093982383897,6.753824711076343e-05
2.354166666666666,0.5760288854371688,-0.09065541233733841,5.033152682514656e-05,-3.220612896451683,-29.0396225728806,-0.0001564833088294946,-1.2170844985844202,-447.85126096807466,6.71977337485656e-05
2.3749999999999996,0.5755229388339369,-0.09057349934790625,5.0080691018372414e-05,-3.2187800794681816,-29.014038771590503,-0.00015643734898871411,-1.2149886202587106,-447.4555738989548,6.686239769988547e-05
2.395833333333333,0.5750090868766965,-0.09049027854094165,4.98333912267683e-05,-3.2169224295387546,-28.988058071938276,-0.00015639178851364576,-1.2128573276594605,-447.05376607669234,6.65321506142435e-05
2.4166666666666665,0.574487182418805,-0.09040572579934117,4.9589576288715454e-05,-3.215039252078268,-28.96167303848329,-0.00015634662579603586,-1.2106901748552068,-446.64572253439314,6.620690571896003e-05
2.4375,0.573957075105087,-0.09031981648028196,4.934919566505779e-05,-3.2131298484790842,-28.934876074483665,-0.0001563018591898265,-1.2084866953993996,-446.2313258163284,6.588657779041817e-05
2.4583333333333335,0.5734186112921161,-0.09023252540196262,4.911219943728922e-05,-3.2111935149731985,-28.90765941787565,-0.00015625748701217433,-1.2062464028534925,-445.8104559158176,6.557108312573762e-05
2.479166666666667,0.5728716339655187,-0.09014382682997973,4.8878538305409635e-05,-3.2092295414816934,-28.880015137101577,-0.00015621350754446036,-1.2039687912991153,-445.3829902107627,6.526033951485576e-05
2.5000000000000004,0.5723159826528953,-0.09005369446332971,4.8648163585479255e-05,-3.20723721044341,-28.851935126719308,-0.00015616991903329128,-1.201653335838413,-444.94880339581925,6.495426621303465e-05
2.520833333333334,0.5717514933396506,-0.08996210142002659,4.842102720687989e-05,-3.2052157956134555,-28.82341110315542,-0.00015612671969149236,-1.1992994931455434,-444.5077674167737,6.46527839137805e-05
2.5416666666666674,0.5711779983755153,-0.08986902022232511,4.819708170930871e-05,-3.203164560822972,-28.79443459999228,-0.0001560839076990891,-1.1969067019867676,-444.05975139773744,6.43558147221937e-05
2.562500000000001,0.5705953263854316,-0.08977442278153913,4.797628023951943e-05,-3.201082758687142,-28.764996963472797,-0.00015604148120428106,-1.1944743838247192,-443.6046215716907,6.406328212874239e-05
2.5833333333333344,0.5700033021725736,-0.08967828038244473,4.775857654782875e-05,-3.198969629250271,-28.735089347610028,-0.00015599943832440328,-1.1920019434257312,-443.1422412049303,6.37751109834688e-05
2.604166666666668,0.5694017466217453,-0.0895805636672572,4.754392498440929e-05,-3.196824398551589,-28.70470270931596,-0.0001559577771468786,-1.1894887695493463,-442.67247052181347,6.349122747063264e-05
2.6250000000000013,0.5687904765993208,-0.0894812426191711,4.733228049538195e-05,-3.194646277095124,-28.67382780335535,-0.00015591649573015815,-1.1869342357068127,-442.1951666267969,6.321155908379108e-05
2.645833333333335,0.5681693048493328,-0.08938028654545302,4.712359861873198e-05,-3.192434458202907,-28.642455177106488,-0.00015587559210465077,-1.1843377010071858,-441.7101834235001,6.293603460133011e-05
2.6666666666666683,0.5675380398904216,-0.08927766406007476,4.6917835480062864e-05,-3.1901881162269152,-28.610575165363983,-0.00015583506427364126,-1.1816985111505076,-441.2173715344095,6.266458406244551e-05
2.6875000000000018,0.5668964859033936,-0.08917334306587742,4.671494778820398e-05,-3.187906404591668,-28.578177884670897,-0.0001557949102141952,-1.1790159995194238,-440.71657821332633,6.239713874358097e-05
2.7083333333333353,0.566244442624363,-0.08906729073625332,4.6514892830702276e-05,-3.1855884536309422,-28.545253227928896,-0.00015575512787805403,-1.1762894885179445,-440.2076472620932,6.213363113534346e-05
2.7291666666666687,0.5655817052255541,-0.08895947349633622,4.631762846920344e-05,-3.1832333681785743,-28.51179085839049,-0.00015571571519251468,-1.1735182910631163,-439.6904189377953,6.187399491989195e-05
2.750000000000002,0.5649080642020362,-0.08884985700368726,4.612311313475834e-05,-3.180840224859644,-28.47778020394664,-0.0001556766700612994,-1.170701712420168,-439.1647298645092,6.161816494882888e-05
2.7708333333333357,0.5642233052479787,-0.08873840612846527,4.593130582306422e-05,-3.1784080690213905,-28.443210450889513,-0.00015563799036541023,-1.167839052318815,-438.6304129369541,6.136607722159752e-05
2.791666666666669,0.5635272091348551,-0.08862508493307118,4.574216608967758e-05,-3.1759359112242667,-28.408070537771113,-0.00015559967396397187,-1.1649296075233773,-438.0872972256225,6.111766886442044e-05
2.8125000000000027,0.5628195515831517,-0.08850985665125403,4.555565404521786e-05,-3.1734227231981285,-28.372349148936628,-0.00015556171869506003,-1.1619726748886512,-437.53520787688865,6.087287810979647e-05
2.833333333333336,0.5621001031318253,-0.08839268366666816,4.537173035059494e-05,-3.170867433142128,-28.336034707943195,-0.00015552412237651673,-1.1589675550542573,-436.9739660113469,6.0631644276590956e-05
2.8541666666666696,0.5613686290056802,-0.08827352749087002,4.5190356212300284e-05,-3.168268920216893,-28.29911537087436,-0.00015548688280675173,-1.1559135569309076,-436.4033886205398,6.03939077507681e-05
2.875000000000003,0.5606248889757292,-0.08815234874074383,4.5011493377795284e-05,-3.1656260080369485,-28.26157901930188,-0.00015544999776552932,-1.1528100031328439,-435.8232884582439,6.015960996680772e-05
2.8958333333333366,0.5598686372208572,-0.08802910711534576,4.4835104131052665e-05,-3.16293745691669,-28.223413253311616,-0.0001554134650147421,-1.1496562366660101,-435.23347393273997,5.9928693389881183e-05
2.91666666666667,0.5590996221807717,-0.08790376137215551,4.466115128830182e-05,-3.1602019545547755,-28.184605384092805,-0.00015537728229916896,-1.1464516291119704,-434.6337489923509,5.970110149886192e-05
2.9375000000000036,0.5583175864105608,-0.08777626930272601,4.448959819405582e-05,-3.157418104744777,-28.14514242660605,-0.00015534144734721982,-1.14319559079666,-434.0239130121834,5.9476778770284355e-05
2.958333333333337,0.5575222664260642,-0.08764658770772095,4.432040871750056e-05,-3.1545844135754026,-28.10501109179135,-0.0001553059578716642,-1.1398875834004838,-433.40376067378276,5.9255670663379515e-05
2.9791666666666705,0.5567133925498057,-0.08751467237133116,4.4153547249358536e-05,-3.1516992724075954,-28.064197778802413,-0.00015527081157034657,-1.1365271357946924,-432.77308184518216,5.903772360636379e-05
3.000000000000004,0.5558906887502941,-0.08738047803506106,4.398897869936308e-05,-3.1487609366797455,-28.022688566908805,-0.0001552360061268858,-1.1331138639997018,-432.1316614558354,5.882288498420572e-05
3.0208333333333375,0.5550538724804546,-0.08724395837087762,4.382666849451954e-05,-3.145767499258451,-27.98046920735319,-0.00015520153921136013,-1.1296474965904588,-431.4792793708467,5.861110312816289e-05
3.041666666666671,0.5542026545076916,-0.08710506595371349,4.366658257837913e-05,-3.142716856585537,-27.937525114789363,-0.00015516740848097601,-1.1261279072424415,-430.81571025874274,5.840232730747221e-05
3.0625000000000044,0.5533367387450678,-0.0869637522333184,4.350868741162979e-05,-3.1396066652011885,-27.89384135877502,-0.00015513361158072354,-1.1225551569092747,-430.14072346008356,5.8196507723708714e-05
3.083333333333338,0.5524558220732501,-0.0868199675054533,4.335294997439843e-05,-3.1364342852558904,-27.84940265480239,-0.00015510014614401473,-1.1189295489419626,-429.4540828489479,5.799359550849574e-05
3.1041666666666714,0.551559594163988,-0.08667366088242133,4.3199337770806114e-05,-3.133196706192932,-27.804193355404845,-0.00015506700979330852,-1.1152517020486132,-428.7555466955947,5.779354272549797e-05
3.125000000000005,0.5506477372946555,-0.08652478026293278,4.304781883651266e-05,-3.1298904476464466,-27.758197440816506,-0.00015503420014071904,-1.1115226479714257,-428.04486752223244,5.759630237798125e-05
3.1458333333333384,0.5497199261607176,-0.08637327230130054,4.2898361750276986e-05,-3.1265114253299666,-27.71139850952824,-0.0001550017147886097,-1.107743964157435,-427.3217919571998,5.7401828423723915e-05
3.166666666666672,0.5487758276860754,-0.08621908237596397,4.275093565097953e-05,-3.123054766599808,-27.66377976873901,-0.00015496955133017287,-1.1039179567390085,-426.586060587543,5.721007579980755e-05
3.1875000000000053,0.547815100824036,-0.08606215455733959,4.260551026219421e-05,-3.1195145522549272,-27.615324024339667,-0.00015493770734999386,-1.1000479172077733,-425.83740780439877,5.7021000460940065e-05
3.208333333333339,0.5468373963608777,-0.08590243157499806,4.246205592736825e-05,-3.1158834478434554,-27.566013671029648,-0.00015490618042460287,-1.0961384896025632,-425.07556165045224,5.683455943666557e-05
3.2291666666666723,0.5458423567094968,-0.08573985478416492,4.2320543660197476e-05,-3.112152165376492,-27.51583068194352,-0.00015487496812301233,-1.0921962072177474,-424.30024365987697,5.6650710915507725e-05
3.2500000000000058,0.5448296157026069,-0.08557436413154271,4.218094521725306e-05,-3.1083086574517047,-27.464756598263,-0.00015484406800724392,-1.0882302969014166,-423.5111686981033,5.6469414368421314e-05
3.2708333333333393,0.5437987983797121,-0.08540589812044548,4.204323320400859e-05,-3.1043368756575016,-27.412772518530648,-0.00015481347763284575,-1.0842539190313807,-422.7080447970805,5.629063073111981e-05
3.2916666666666727,0.5427495207709149,-0.08523439377522918,4.1907381232454e-05,-3.1002147932502626,-27.359859087826976,-0.0001547831945494046,-1.080286143202787,-421.8905729885673,5.611432267720497e-05
3.312500000000006,0.5416813896754616,-0.08505978660498248,4.177336416105654e-05,-3.0959111317708663,-27.305996486718776,-0.00015475321630105897,-1.0763552199506128,-421.0584471341243,5.594045503611133e-05
3.3333333333333397,0.5405940024362046,-0.08488201056640526,4.164115847135644e-05,-3.0913796871599715,-27.25116442006146,-0.00015472354042702445,-1.0725042529658282,-420.2113537532253,5.576899545120757e-05
3.354166666666673,0.5394869467072577,-0.08470099802572818,4.1510742881926724e-05,-3.086548933382845,-27.19534210556403,-0.00015469416446215207,-1.0688015937918576,-419.34897184836683,5.559991545498526e-05
3.3750000000000067,0.5383598002151012,-0.0845166797193661,4.1382099398228646e-05,-3.0813016207970905,-27.13850826221549,-0.00015466508593756055,-1.06536124180449,-418.47097272925174,5.5433192310098736e-05
3.39583333333334,0.5372121305064796,-0.0843289847126312,4.125521521974983e-05,-3.075431097656078,-27.080641098424838,-0.00015463630238142777,-1.062386521105922,-417.57701983493007,5.526881235660437e-05
3.4166666666666736,0.5360434946751028,-0.08413784035491172,4.113008648660135e-05,-3.068536421727403,-27.021718299904272,-0.0001546078113201414,-1.0602749674653449,-416.66676855709136,5.510677759121304e-05
3.437500000000007,0.534853439043816,-0.08394317222709861,4.1006726453170256e-05,-3.059726902485136,-26.961717017260867,-0.0001545796102803289,-1.0599137851238973,-415.7398660711666,5.494712002584058e-05
3.4583333333333406,0.5336414987153559,-0.08374490406813644,4.08851861601508e-05,-3.0465629630900626,-26.900613852483843,-0.00015455169679338444,-1.0637389850076708,-414.7959511851405,5.4789938011206896e-05
3.479166666666674,0.5324071966826726,-0.08354295762820459,4.076562001078126e-05,-3.0192486084293524,-26.838384843052914,-0.00015452406840898116,-1.0815429214179275,-413.8346542765293,5.4635511487441405e-05
3.5000000000000075,0.5311500404992838,-0.08333725212101291,4.06485981248073e-05,-2.856204580520718,-26.775005432017636,-0.0001544967227582087,-1.2349011661510203,-412.8555976992404,5.448485105680954e-05
3.520833333333341,0.5298694831698247,-0.08312769778287694,4.05398658535061e-05,0.0,-24.457781872252156,-0.00015446965834464514,-2.87314271660527,-354.86693829776027,5.434806674834859e-05
3.5416666666666745,0.5285608510156042,-0.0829135252918208,4.055360821226232e-05,0.0,-24.36887385819508,-0.0001544429566659219,-2.8531125125798975,-353.3415970735391,5.442599323882313e-05
3.562500000000008,0.5272275988166567,-0.08269530401706963,4.056693563404552e-05,0.0,-24.278746720571625,-0.00015441653000182972,-2.8329112643022185,-351.79785511962973,5.45025847221737e-05
3.5833333333333415,0.5258691825951808,-0.08247294471596962,4.0579855801553476e-05,0.0,-24.187479504551263,-0.00015439037582961858,-2.8125391508186297,-350.2374588004927,5.457785911716179e-05
3.604166666666675,0.5244850454859579,-0.08224635603040427,4.059237617704764e-05,0.0,-24.095772705865187,-0.00015436449162667677,-2.791996420276491,-348.67269254869325,5.465183402177422e-05
3.6250000000000084,0.5230746174915443,-0.08201544444599014,4.060450400578579e-05,0.0,-24.003340148764938,-0.00015433887487071573,-2.7712833926390426,-347.09834444835406,5.47245267140377e-05
3.645833333333342,0.521637315233915,-0.08178011425180894,4.0616246319365755e-05,0.0,-23.909373765395195,-0.00015431352303993458,-2.750400462475801,-345.50047402599466,5.47959541529062e-05
3.6666666666666754,0.5201725417153229,-0.08154026750084284,4.062760993898889e-05,0.0,-23.81535179482903,-0.00015428843361316795,-2.7293481018295873,-343.9001312018646,5.486613297922424e-05
3.687500000000009,0.5186796860813282,-0.08129580397129732,4.063860147863657e-05,0.0,-23.725545529065847,-0.00015426360407001463,-2.7081268631608406,-342.3527053407474,5.493507951675025e-05
3.7083333333333424,0.5171581233928247,-0.08104662112901594,4.06492273481648e-05,0.0,-23.63666087737496,-0.000154239031890948,-2.6867373823699,-340.8162080105623,5.500280977324118e-05
3.729166666666676,0.5156072144046466,-0.08079261409120916,4.065949375631196e-05,0.0,-23.546413590678082,-0.0001542147145574073,-2.6651803818978115,-339.2597389074718,5.5069339441583935e-05
3.7500000000000093,0.5140263053554721,-0.08053367559174443,4.066940671362402e-05,0.0,-23.454779842803717,-0.00015419064955187015,-2.6434566739060283,-337.68303242364027,5.513468390097413e-05
3.770833333333343,0.5124147277653033,-0.08026969594826625,4.067897203529341e-05,0.0,-23.361735378368003,-0.0001541668343579052,-2.6215671635351225,-336.0893994093184,5.5198858218131004e-05
3.7916666666666763,0.5107717982494743,-0.08000056303144175,4.068819534391701e-05,0.0,-23.267255510458245,-0.00015414326646020655,-2.5995128522426953,-334.4754120607221,5.5261877148549566e-05
3.8125000000000098,0.5090968183463394,-0.07972616223665367,4.069708207216899e-05,0.0,-23.171315118952613,-0.00015411994334460787,-2.5772948412202035,-332.840371649854,5.5323755137779196e-05
3.8333333333333433,0.5073890743620595,-0.07944637645849534,4.070563746539101e-05,0.0,-23.0738886496061,-0.0001540968624980767,-2.554914334888103,-331.18399929887295,5.5384506322727374e-05
3.8541666666666767,0.5056478372332144,-0.07916108606844943,4.071386658409994e-05,0.0,-22.97495011392967,-0.00015407402140868882,-2.5323726444688592,-329.5060132893874,5.544414453298317e-05
3.87500000000001,0.5038723624143493,-0.07887016889617147,4.0721774306415255e-05,0.0,-22.87447309013298,-0.00015405141756558296,-2.509671191636717,-327.8061291539855,5.550268329215835e-05
3.8958333333333437,0.5020618897879413,-0.07857350021483198,4.0729365330404894e-05,0.0,-22.772430725032645,-0.00015402904845889442,-2.4868115122428827,-326.0840597809565,5.5560135819241314e-05
3.916666666666677,0.5002156436032296,-0.07827095273101348,4.073664417635154e-05,0.0,-22.66879573716965,-0.00015400691157966837,-2.463795260114469,-324.3395155350866,5.5616515029961344e-05
3.9375000000000107,0.4983328324455653,-0.07796239657969875,4.074361518894066e-05,0.0,-22.563540421196937,-0.0001539850044197522,-2.440624210925129,-322.5722043952052,5.5671833538161226e-05
3.958333333333344,0.49641264923946904,-0.07764769932493075,4.075028253937059e-05,0.0,-22.456636653654737,-0.00015396332447166684,-2.417300266135007,-320.78183210984463,5.5726103657175184e-05
3.9791666666666776,0.49445427129359365,-0.0773267259667767,4.0756650227389036e-05,0.0,-22.348055900443445,-0.00015394186922845722,-2.393825456996874,-318.9681023746369,5.577933740121418e-05
4.000000000000011,0.49245686038181685,-0.07699933895527357,4.076272208325152e-05,0.0,-22.237769225767657,-0.00015392063618352008,-2.370201948625077,-317.13071702866995,5.583154648675051e-05
4.020833333333344,0.49041956287896143,-0.07666539821209085,4.0768501769611815e-05,0.0,-22.148636062847455,-0.00015389962283041212,-2.346432044123412,-315.648290754017,5.588274233391017e-05
4.041666666666677,0.4883415099413079,-0.0763247611607017,4.0773992783338364e-05,0.0,-22.057959155713462,-0.00015387882666263405,-2.3225181887670217,-314.1452699008097,5.59329360678651e-05
4.06250000000001,0.4862218177506868,-0.07597728276591348,4.0779198457265375e-05,0.0,-21.965389447592973,-0.00015385824517339473,-2.2984629742333573,-312.6160714163935,5.598213852023209e-05
4.083333333333343,0.48405958781461716,-0.07562281558367175,4.078412196187453e-05,0.0,-21.87088480315283,-0.0001538378758553512,-2.274269142875963,-311.06019811312825,5.603036023047287e-05
4.104166666666676,0.48185390733998573,-0.07526120982212121,4.07887663069172e-05,0.0,-21.734005469574846,-0.000153817716200328,-2.249939592034544,-308.8645146732768,5.6077611447305235e-05
4.125000000000009,0.4796038496792987,-0.07489231341497267,4.079313434297421e-05,0.0,-21.568963634977315,-0.00015379776369901332,-2.225477378373594,-306.2374992012275,5.612390213012068e-05
4.145833333333342,0.4773084748606452,-0.07451597210829947,4.079722876295923e-05,0.0,-21.402324831749862,-0.00015377801584063306,-2.200885722241244,-303.5896115832648,5.616924195041537e-05
4.166666666666675,0.47496683020218394,-0.07413202956196481,4.080105210356747e-05,0.0,-21.236863344326995,-0.00015375847011260156,-2.1761680120386933,-300.9702105335194,5.621364029323589e-05
4.187500000000008,0.4725779510312416,-0.07374032746695464,4.0804606746677895e-05,0.0,-21.06677683787693,-0.00015373912400015158,-2.1513278085900973,-298.2767562640112,5.625710625864894e-05
4.208333333333341,0.47014086150026974,-0.07334070567997528,4.080789492070549e-05,0.0,-20.895000344138435,-0.00015371997498593974,-2.1263688495008832,-295.5613286432855,5.6299648663232534e-05
4.229166666666674,0.4676545755225628,-0.07293300237675478,4.081091870191674e-05,0.0,-20.735827385083283,-0.00015370102054963148,-2.1012950534921813,-293.050298920171,5.63412760416034e-05
4.250000000000007,0.4651180978287265,-0.07251705422557066,4.0813680015707146e-05,0.0,-20.61238943476568,-0.00015368225816746298,-2.0761105246970897,-291.0866695115937,5.638199664798166e-05
4.27083333333334,0.4625304251566216,-0.07209269658261351,4.0816180637849564e-05,0.0,-20.54579464710818,-0.00015366368531178145,-2.0508195569033765,-289.84765918561817,5.6421818457803864e-05
4.291666666666673,0.4598905475843533,-0.07165976371087544,4.0818422195717265e-05,0.0,-20.657317629869162,-0.00015364529945056406,-2.0254266377259618,-290.46704792517306,5.646074916939118e-05
4.312500000000006,0.4571974500183829,-0.07121808902433964,4.0820406169490753e-05,0.0,-20.754143489715357,-0.00015362709804691579,-1.9999364526907804,-290.774585110924,5.64987962056858e-05
4.333333333333339,0.4544501138448772,-0.07076750535932654,4.0822133893352206e-05,0.0,-20.849000576972028,-0.00015360907855854652,-1.9743538892100103,-291.16959556507373,5.65359667160629e-05
4.354166666666672,0.4516475187613785,-0.07030784527493006,4.082360655667924e-05,0.0,-20.945624608480706,-0.00015359123843722907,-1.948684040427211,-291.5943450998336,5.6572267578234885e-05
4.375000000000005,0.4487886447959456,-0.06983894138454923,4.082482520524158e-05,0.0,-21.053911197018444,-0.00015357357512823738,-1.9229322089088137,-292.111590267455,5.660770540025632e-05
4.395833333333338,0.44587247452252515,-0.06936062672059021,4.082579074241322e-05,0.0,-21.160591195587234,-0.00015355608606976666,-1.8971039101566651,-292.55694408108695,5.664228652264811e-05
4.416666666666671,0.4428979958670537,-0.06887273519327006,4.082650393685579e-05,0.0,-21.266312947280362,-0.00015353876869032558,-1.8712048728760529,-292.98558930117787,5.6676017034234237e-05
4.437500000000004,0.43986420509595237,-0.06837510208235888,4.082696542828303e-05,0.0,-21.371010293125558,-0.00015352162040660296,-1.845241039510773,-293.3968268297785,5.670890278418904e-05
4.4583333333333375,0.43677010921272535,-0.0678675644316732,4.0827175718294916e-05,0.0,-21.47461580753523,-0.00015350463862602622,-1.8192185735862707,-293.7899486890535,5.674094936267733e-05
4.4791666666666705,0.43361472914158106,-0.06734996156993546,4.082713517160467e-05,0.0,-21.577060859993935,-0.00015348782074615748,-1.7931438622213811,-294.16423901115013,5.677216210332768e-05
4.5000000000000036,0.4303971031753451,-0.06682213567745564,4.082684401748978e-05,0.0,-21.678275686194468,-0.00015347116415402067,-1.7670235182252139,-294.5189751461123,5.680254608625422e-05
4.520833333333337,0.4271162907135766,-0.06628393239941993,4.082630235133066e-05,0.0,-21.778189468992405,-0.0001534546662254212,-1.740864381817298,-294.85342889477494,5.683210614131769e-05
4.54166666666667,0.42377137628288253,-0.06573520150794765,4.0825510136244014e-05,0.0,-21.876730429273675,-0.00015343832432425706,-1.7146735219301354,-295.16686786623785,5.6860846851642774e-05
4.562500000000003,0.4203614738923275,-0.06517579761497964,4.082446720484376e-05,0.0,-21.97382592833209,-0.00015342213580183254,-1.6884582370529073,-295.45855698109534,5.68887725574363e-05
4.583333333333336,0.4168857316967525,-0.06460558093794982,4.082317326111684e-05,0.0,-22.069402581398172,-0.00015340609799616324,-1.6622260555699153,-295.72776011335947,5.691588736010221e-05
4.604166666666669,0.4133433369855321,-0.06402441812001193,4.0821627882447045e-05,0.0,-22.163386383082955,-0.00015339020823128383,-1.6359847355481447,-295.97374188005546,5.6942195126698997e-05
4.625000000000002,0.40973352152366965,-0.06343218310639819,4.0819830521812486e-05,0.0,-22.255702845726052,-0.0001533744638165656,-1.6097422639251922,-296.19576959070906,5.69676994947786e-05
4.645833333333335,0.4060555672446758,-0.06282875807820784,4.0817780510164664e-05,0.0,-22.346277151010696,-0.0001533588620460427,-1.5835068550463327,-296.39311535966704,5.699240387762599e-05
4.666666666666668,0.4023088122826757,-0.06221403444460459,4.081547705900679e-05,0.0,-22.435034314880795,-0.00015334340019775039,-1.5572869484980147,-296.5650583796444,5.7016311469929056e-05
4.687500000000001,0.3984926573882079,-0.06158791389401224,4.081291926321115e-05,0.0,-22.521899367242455,-0.0001533280755330894,-1.5310912061846618,-296.7108873754637,5.703942525393457e-05
4.708333333333334,0.3946065726811827,-0.06095030950443765,4.0810106104070094e-05,0.0,-22.606797545688163,-0.00015331288529620905,-1.504928508591727,-296.8299032246875,5.7061748006094166e-05
4.729166666666667,0.3906501047803592,-0.06030114691250968,4.080703645262894e-05,0.0,-22.690406041789604,-0.00015329782671342715,-1.4788079501800944,-296.9682794158971,5.708328230426556e-05
4.75,0.3866228842652477,-0.05964036554020636,4.0803709073302775e-05,0.0,-22.77345357173558,-0.00015328289699268336,-1.4527388338533527,-297.1632368074495,5.7104030535481025e-05
4.770833333333333,0.3825246334972873,-0.05896791987752821,4.080012262782253e-05,0.0,-22.854701199834334,-0.0001532680933230432,-1.4267306644420183,-297.3315974412757,5.712399490434485e-05
4.791666666666666,0.37835517475900915,-0.058283780818577345,4.0796275679512544e-05,0.0,-22.93360522394066,-0.0001532534128742502,-1.4007931411464298,-297.4663335810791,5.714317744207064e-05
4.812499999999999,0.37411443868765426,-0.05758793704760557,4.079216669793361e-05,0.0,-23.010092816013987,-0.00015323885279633822,-1.3749361488826364,-297.5667258707308,5.71615800162069e-05
4.833333333333332,0.3698024730034963,-0.05688039647059077,4.078779406392503e-05,0.0,-23.084092902482656,-0.00015322441021931819,-1.3491697484775829,-297.6320898109551,5.717920434109528e-05
4.854166666666665,0.365419451470331,-0.056161187686814155,4.078315607505109e-05,0.0,-23.15537143198066,-0.00015321008225293835,-1.323504165660058,-297.6094413670192,5.7196051989075154e-05
4.874999999999998,0.3609656830626778,-0.05543036149370947,4.0778250951487396e-05,0.0,-23.229629321487916,-0.00015319586598653458,-1.2979497787992882,-297.33987379775215,5.7212124402479624e-05
4.895833333333331,0.35644162128194634,-0.05468799241697637,4.0773076842365124e-05,0.0,-23.300982373143672,-0.00015318175848897772,-1.2725171053457118,-297.0440536274759,5.722742290644724e-05
4.916666666666664,0.35184787358281683,-0.053934180256566246,4.076763183259904e-05,0.0,-23.36936489069095,-0.00015316775680873185,-1.2472167869345916,-296.7217177692225,5.724194872258034e-05
4.937499999999997,0.3471852108088373,-0.05316905163771095,4.076191395020391e-05,0.0,-23.432154479255807,-0.00015315385797402635,-1.2220595731175097,-296.31375492087716,5.7255702983455166e-05
4.95833333333333,0.3424545766065016,-0.05239276155464049,4.075592117413952e-05,0.0,-23.477577411814316,-0.00015314005899316462,-1.197056303696915,-295.5926703864964,5.72686867480262e-05
4.979166666666663,0.3376570966899755,-0.05160549489309127,4.074965144267383e-05,0.0,-23.518592987888084,-0.00015312635685496803,-1.1722178896439384,-294.90089849832265,5.728090101790737e-05
4.9999999999999964,0.3327940878981411,-0.05080746791611115,4.0743102662296354e-05,0.0,-23.556888028945806,-0.00015311274852937792,-1.1475552925930206,-294.20573950886455,5.729234675455742e-05
5.0208333333333295,0.327867066916922,-0.04999892969612117,4.073627271717319e-05,0.0,-23.59292728150154,-0.00015309923096821734,-1.1230795029146892,-293.4979426641734,5.730302489734753e-05
5.0416666666666625,0.3228777585574254,-0.049180163474644344,4.07291594791533e-05,0.0,-23.6266850279741,-0.0001530858011061285,-1.0988015163824163,-292.7777391714723,5.7312936382506035e-05
5.062499999999996,0.3178282714926503,-0.048351515523690214,4.072176155538354e-05,0.0,-23.660410882526357,-0.00015307245542983024,-1.0747315257159258,-292.0706451389157,5.732208395827558e-05
5.083333333333329,0.31272126689087526,-0.04751342283912808,4.071407881032279e-05,0.0,-23.703547265978713,-0.0001530591896079548,-1.0508782103122813,-291.4821884058196,5.733047353629334e-05
5.104166666666662,0.3075591687764465,-0.046666283454090594,4.070610896220251e-05,0.0,-23.743092480248546,-0.00015304600053354413,-1.0272523706434873,-290.9054560998715,5.7338105853841506e-05
5.124999999999995,0.3023446333975636,-0.04581053352683304,4.069784976143332e-05,0.0,-23.7772391273251,-0.00015303288508828692,-1.0038647102732976,-290.49693988905375,5.734498172695607e-05
5.145833333333328,0.2970805529104314,-0.044946647945002874,4.0689299003277923e-05,0.0,-23.808342714778483,-0.0001530198401445282,-0.9807258065905304,-290.0523124795806,5.735110207322306e-05
5.166666666666661,0.29177005777617493,-0.04407514071938774,4.06804545409823e-05,0.0,-23.836408622236586,-0.0001530068625675048,-0.9578460805608064,-289.5720667990581,5.735646793515792e-05
5.187499999999994,0.28641651773689436,-0.04319656514358469,4.067131429932675e-05,0.0,-23.861449676738655,-0.00015299394921781525,-0.9352357656293715,-289.05680079450644,5.736108050407722e-05
5.208333333333327,0.28102354121603856,-0.04231151369667453,4.066187628854002e-05,0.0,-23.88348636476998,-0.00015298109695412269,-0.9129048759264982,-288.50721937714815,5.7364941144343084e-05
5.22916666666666,0.2755949730388932,-0.041420617667116584,4.065213861852597e-05,0.0,-23.902547005180192,-0.0001529683026360973,-0.8908631739476207,-287.92413575592235,5.7368051417865276e-05
5.249999999999993,0.27013489030783827,-0.040524546477744054,4.064209951331331e-05,0.0,-23.91855417731193,-0.0001529555631275854,-0.869120137897216,-287.2996367145136,5.737041310869525e-05
5.270833333333326,0.26464759637576146,-0.03962400669397156,4.063175732567565e-05,0.0,-23.930336267591372,-0.0001529428753000149,-0.8476849289070807,-286.54026586760295,5.7372028247586e-05
5.291666666666659,0.2591376127730403,-0.038719740700139345,4.062111055180374e-05,0.0,-23.93977259607014,-0.00015293023603601372,-0.8265663583526193,-285.75398431758003,5.737289913631129e-05
5.312499999999992,0.2536096690595627,-0.0378125250323228,4.0610157845960456e-05,0.0,-23.94672445201199,-0.00015291764223324467,-0.805772855510245,-284.94635145468635,5.737302837159252e-05
5.333333333333325,0.2480686905260547,-0.036903168359916666,4.0598898034995054e-05,0.0,-23.951044664317543,-0.000152905090808434,-0.7853124358089514,-284.12336743643226,5.737241886841639e-05
5.354166666666658,0.24251978374629124,-0.035992509112829765,4.0587330132617664e-05,0.0,-23.952807460644035,-0.00015289257870158303,-0.7651926699420222,-283.28618787543775,5.7371073882553684e-05
5.374999999999991,0.23696821997335257,-0.03508141275614917,4.057545335330601e-05,0.0,-23.952094442532808,-0.00015288010288033808,-0.7454206541108128,-282.43603094058614,5.736899703205642e-05
5.395833333333324,0.23141941643730515,-0.03417076871956709,4.0563267125731654e-05,0.0,-23.948994317851962,-0.00015286766034450008,-0.7260029816781635,-281.574173146505,5.736619231752877e-05
5.416666666666657,0.22587891562315904,-0.033261486994650875,4.055077110557608e-05,0.0,-23.9416303084883,-0.0001528552481306463,-0.706945716508105,-280.6997093328686,5.7362664140950315e-05
5.43749999999999,0.220352362630913,-0.03235449441899231,4.0537965187604796e-05,0.0,-23.93191044630758,-0.00015284286331683275,-0.6882543682651994,-279.8160645485164,5.735841732283122e-05
5.458333333333323,0.2148454807961373,-0.03145073067235332,4.0524849516885684e-05,0.0,-23.920583927222555,-0.00015283050302735204,-0.6699338699390278,-278.92538587128877,5.7353457117504464e-05
5.479166666666656,0.209364045728304,-0.030551144015901505,4.0511424499009734e-05,0.0,-23.907742872657845,-0.00015281816443750423,-0.6519885578450841,-278.02910510719425,5.734778922633453e-05
5.499999999999989,0.20391385802595066,-0.029656686811382164,4.0497690809214555e-05,0.0,-23.893483215058467,-0.00015280584477835474,-0.6344221543382034,-277.12868142129395,5.734141980867796e-05
5.520833333333322,0.1985007148974362,-0.028768310862440773,4.048364940027663e-05,0.0,-23.87790420778094,-0.00015279354134143172,-0.6172377534500137,-276.2255940700097,5.733435549040016e-05
5.541666666666655,0.19313038098503627,-0.027886962625091962,4.04693015090816e-05,0.0,-23.861107902275922,-0.00015278125148333104,-0.6004378096377314,-275.3213348118938,5.732660336981368e-05
5.5624999999999885,0.1878085587114042,-0.027013578338403767,4.04546486617772e-05,0.0,-23.843198598088453,-0.00015276897263018907,-0.5840241298006221,-274.4174000786371,5.731817102090756e-05
5.5833333333333215,0.18254085845904314,-0.026149079129658612,4.043969267741873e-05,0.0,-23.82428227124588,-0.00015275670228197952,-0.5679978686856266,-273.5152829871731,5.730906649375661e-05
5.6041666666666545,0.17733276894876288,-0.02529436615044307,4.042443567005451e-05,0.0,-23.804465987878714,-0.0001527444380166027,-0.5523595277684779,-272.61646528983533,5.7299298312053934e-05
5.624999999999988,0.17218962814787273,-0.024450315801217877,4.0408880049189017e-05,0.0,-23.78385730944826,-0.00015273217749372367,-0.5371089576554127,-271.7224093513811,5.7288875467713194e-05
5.645833333333321,0.16711659507377646,-0.02361777510183202,4.0393028518601656e-05,0.0,-23.762563696862145,-0.00015271991845832936,-0.5222453640113685,-270.8345502525143,5.727780741254507e-05
5.666666666666654,0.1621186228288984,-0.022797557264166348,4.037688407350152e-05,0.0,-23.740691920399573,-0.00015270765874396836,-0.5077673169773629,-269.9542881128956,5.7266104047029385e-05
5.687499999999987,0.15720043318626953,-0.021990437520603836,4.0360449996023035e-05,0.0,-23.71732286439931,-0.00015269539627564376,-0.4936727639987142,-269.08505184765534,5.7253775706244297e-05
5.70833333333332,0.1523664930489348,-0.02119714925838288,4.034372984909682e-05,0.0,-23.691227789413272,-0.00015268312907233686,-0.4799590459456269,-268.2308432481741,5.724083314306022e-05
5.729166666666653,0.14762099303788903,-0.020418380505168136,4.032672746872893e-05,0.0,-23.664624794821254,-0.00015267085524913425,-0.46662291636709696,-267.38863624339734,5.72272875087156e-05
5.749999999999986,0.1429678284705584,-0.019654770805505067,4.030944695476421e-05,0.0,-23.63765050500396,-0.0001526585730189465,-0.4536605636846778,-266.55954468039573,5.7213150330950375e-05
5.770833333333319,0.1384105829168631,-0.018906908521340273,4.029189266020479e-05,0.0,-23.610437184398258,-0.00015264628069380028,-0.44106763609789024,-265.7446174627141,5.7198433489876214e-05
5.791666666666652,0.13395251449678774,-0.01817532858268146,4.027406917918802e-05,0.0,-23.58311134597957,-0.00015263397668569903,-0.428839268945409,-264.9448419321206,5.718314919180718e-05
5.812499999999985,0.1295965450354665,-0.017460510706921038,4.0255981333737314e-05,0.0,-23.55618883149159,-0.00015262165950704948,-0.416970114241515,-264.16023654540845,5.716730994129068e-05
5.833333333333318,0.12534525213543724,-0.01676287809757624,4.023763415940859e-05,0.0,-23.529411242481142,-0.0001526093277706543,-0.40545437208757207,-263.3924704294333,5.7150928511592415e-05
5.854166666666651,0.1212008641899678,-0.01608279662539139,4.0219032889972534e-05,0.0,-23.502870357217713,-0.00015259698018927942,-0.39428582364488207,-262.642336272858,5.713401791391001e-05
5.874999999999984,0.11716525830497762,-0.01542057448713106,4.0200182941273974e-05,0.0,-23.476666583514902,-0.00015258461557480612,-0.38345786534608983,-261.9105128665019,5.711659136559177e-05
5.895833333333317,0.11323996105543885,-0.014776462330142466,4.018108989442032e-05,0.0,-23.45089357468624,-0.0001525722328369838,-0.3729635440195107,-261.1975982561913,5.709866225764645e-05
5.91666666666665,0.10942615196899146,-0.014150653824045597,4.016175947845573e-05,0.0,-23.425638052329933,-0.00015255983098180526,-0.3627955926029056,-260.5041096079616,5.708024412183221e-05
5.937499999999983,0.10572466958091863,-0.013543286654882811,4.0142197552671775e-05,0.0,-23.400979696034682,-0.00015254740910952466,-0.352946466129743,-259.83048373222357,5.7061350597599646e-05
5.958333333333316,0.10213601988058621,-0.012954443911822607,4.012241008870917e-05,0.0,-23.37699109748837,-0.00015253496641234692,-0.34340837768311694,-259.17707822906794,5.704199539916279e-05
5.979166666666649,0.09866038693977935,-0.01238415583216073,4.010240315259979e-05,0.0,-23.353428544771962,-0.0001525225021718156,-0.3341733340279447,-258.5415100249307,5.7022192282957e-05
5.999999999999982,0.09529764549445027,-0.011832401866937445,4.0082182886892154e-05,0.0,-23.329956854999267,-0.00015251001575593113,-0.3252331706514653,-257.92059331995347,5.700195501572714e-05
6.020833333333315,0.09204737523449474,-0.01129911302702313,4.006175549299535e-05,0.0,-23.30736885560123,-0.00015249750661603116,-0.3165795859641207,-257.3208437514239,5.698129734347033e-05
6.041666666666648,0.08890887654962928,-0.01078417446799127,4.004112721386768e-05,0.0,-23.28571594514259,-0.00015248497428346547,-0.30820417443742976,-256.7423474863822,5.6960232961437816e-05
6.062499999999981,0.08588118746848539,-0.010287428271472072,4.0020304317163225e-05,0.0,-23.265032963064137,-0.00015247241836609861,-0.30009845848143435,-256.1851105656858,5.6938775485374696e-05
6.083333333333314,0.08296310154248929,-0.009808676380893782,3.999929307894438e-05,0.0,-23.24535448803602,-0.00015245983854467453,-0.2922539188918929,-255.64908180148004,5.6916938424160355e-05
6.104166666666647,0.08015318641352458,-0.009347683650494975,3.9978099768046346e-05,0.0,-23.22670798494347,-0.00015244723456907377,-0.284662023724211,-255.13414837823052,5.689473515397611e-05
6.1249999999999805,0.07744980284074465,-0.008904180968136754,3.995673063117911e-05,0.0,-23.209114998588674,-0.00015243460625449754,-0.2773142554794852,-254.64014115680473,5.687217889411734e-05
6.1458333333333135,0.07485112393967523,-0.008477868414655488,3.9935191878822025e-05,0.0,-23.192591492079856,-0.0001524219534776037,-0.27020213651340264,-254.16683905336717,5.684928268452161e-05
6.1666666666666465,0.07235515443876267,-0.008068418425166854,3.991348967197541e-05,0.0,-23.177148200293658,-0.00015240927617262838,-0.2633172526062193,-253.7139734820313,5.682605936508684e-05
6.18749999999998,0.06995974975570582,-0.007675478920754384,3.989163010980308e-05,0.0,-23.162790993171676,-0.00015239657432751684,-0.2566512746549403,-253.28123280914303,5.680252155681089e-05
6.208333333333313,0.06766263471921485,-0.007298676382243648,3.986961921819445e-05,0.0,-23.14952124408331,-0.00015238384798008754,-0.2501959784718313,-252.86826677262192,5.6778681644769225e-05
6.229166666666646,0.0654614217856187,-0.0069376188411796194,3.984746293926536e-05,0.0,-23.137336198991164,-0.0001523710972142525,-0.2439432626942386,-252.47469082554903,5.6754551762930964e-05
6.249999999999979,0.06335362862511663,-0.006591898766598307,3.982516712180527e-05,0.0,-23.12622934271987,-0.00015235832215631438,-0.23788516482912225,-252.1000903694473,5.673014378079467e-05
6.270833333333312,0.061336694958071876,-0.006261095829634829,3.980273751266355e-05,0.0,-23.11619075865929,-0.00015234552297135502,-0.23201387547157015,-251.74402484368747,5.670546929180257e-05
6.291666666666645,0.059407998563301825,-0.005944779531369643,3.9780179749068984e-05,0.0,-23.10726428163964,-0.00015233269985973378,-0.22632175075166927,-251.4055086803227,5.6680539603490694e-05
6.312499999999978,0.057564870379778046,-0.005642511682525884,3.9757499351858913e-05,0.0,-23.099529997319188,-0.00015231985305370592,-0.22080132307501987,-251.08317927893162,5.665536572930814e-05
6.333333333333311,0.055804608659966094,-0.0053538487266459505,3.9734701719596204e-05,0.0,-23.092796044911893,-0.00015230698281417374,-0.21544531023288016,-250.77814103756856,5.662995838203916e-05
6.354166666666644,0.054124492130298685,-0.005078343901163413,3.9711792123537404e-05,0.0,-23.0870427379052,-0.00015229408942757592,-0.21024662296485008,-250.48988258106192,5.6604327968741936e-05
6.374999999999977,0.05252179214882112,-0.00481554923332006,3.968877570342199e-05,0.0,-23.082248636506975,-0.00015228117320292513,-0.20519837106382788,-250.2178838590468,5.6578484587126596e-05
6.39583333333331,0.05099378385226791,-0.0045650173701449895,3.966565746403961e-05,0.0,-23.07839081755713,-0.00015226823446899644,-0.20029386811634176,-249.96161905240163,5.655243802327782e-05
6.416666666666643,0.04953775629887637,-0.004326303243705768,3.9642442272532214e-05,0.0,-23.07544512667852,-0.00015225527357166926,-0.19552663497411693,-249.72055924595938,5.6526197750628834e-05
6.437499999999976,0.04815102162459009,-0.004098965574563078,3.9619134856387546e-05,0.0,-23.07338641239703,-0.00015224229087142506,-0.19089040205392305,-249.49417486909738,5.6499772930093446e-05
6.458333333333309,0.046830923244089585,-0.003882568217816508,3.9595739802078874e-05,0.0,-23.07218874234093,-0.00015222928674100126,-0.1863791105626431,-249.28193790961214,5.647317241126242e-05
6.479166666666642,0.04557484312208251,-0.003676681357331679,3.95722615543004e-05,0.0,-23.07182560147905,-0.00015221626156319802,-0.1819869127427376,-249.08332390470053,5.644640473456499e-05
6.499999999999975,0.04438020816416848,-0.003480882554704688,3.954870441575701e-05,0.0,-23.072270073022665,-0.0001522032157288386,-0.1777081712319566,-248.89781371945332,5.6419478134309885e-05
6.520833333333308,0.043244495764977485,-0.003294757660265582,3.952507254745686e-05,0.0,-23.07349500232981,-0.00015219014963487761,-0.17353745762730455,-248.72489512024174,5.639240054250933e-05
6.541666666666641,0.042165238565228955,-0.0031179015939687697,3.950136996946409e-05,0.0,-23.07547314455316,-0.00015217706368265418,-0.16946955034031053,-248.56406415426804,5.636517959340222e-05
6.562499999999974,0.0411400284641452,-0.0029499190043860307,3.947760056206564e-05,0.0,-23.078177296668972,-0.0001521639582762852,-0.16549943182627302,-248.4148263453085,5.6337822628591486e-05
6.583333333333307,0.040166519943482464,-0.0027904248142272404,3.945376806731148e-05,0.0,-23.081580414818987,-0.0001521508338211942,-0.1616222852660476,-248.2766977184584,5.631033670271816e-05
6.60416666666664,0.03924243274991903,-0.0026390446608864308,3.942987609088463e-05,0.0,-23.085655717685032,-0.0001521376907227688,-0.15783349077383235,-248.14920566431576,5.628272858959465e-05
6.624999999999973,0.038365553990771066,-0.002495415240465952,3.940592810426369e-05,0.0,-23.09037677686759,-0.00015212452938514226,-0.1541286212000399,-248.03188965538243,5.625500478872855e-05
6.645833333333306,0.037533739691616386,-0.0023591845635882644,3.938192744714008e-05,0.0,-23.09571759510959,-0.00015211135021009242,-0.15050343759314622,-247.92430182591653,5.622717153217016e-05
6.666666666666639,0.036744915867482505,-0.0022300121310803653,3.935787733005547e-05,0.0,-23.101652673325376,-0.00015209815359605187,-0.14695388437968848,-247.82600742745396,5.6199234791623266e-05
6.6874999999999725,0.03599707915027242,-0.002107569037326845,3.9333780837225523e-05,0.0,-23.10815706718842,-0.00015208493993722254,-0.14347608431656678,-247.73658516993032,5.617120028576141e-05
6.7083333333333055,0.035288297024675265,-0.0019915380087475835,3.9309640929522637e-05,0.0,-23.115206434328503,-0.00015207170962279001,-0.14006633326550944,-247.6556274611084,5.614307348770084e-05
6.7291666666666385,0.034616707709955466,-0.0018816133844789889,3.9285460447586154e-05,0.0,-23.122777072816092,-0.00015205846303622942,-0.13672109483439598,-247.58274055307095,5.611485963257968e-05
6.749999999999972,0.03398051973009888,-0.0017775010459338656,3.9261242115035935e-05,0.0,-23.130845951789595,-0.00015204520055469786,-0.13343699492626993,-247.5175446061324,5.608656372520216e-05
6.770833333333305,0.03337801121245014,-0.0016789183014952322,3.923698854176608e-05,0.0,-23.139390735042472,-0.00015203192254850773,-0.13021081623258546,-247.45967367995752,5.605819054770991e-05
6.791666666666638,0.03280752894627244,-0.001585593732171257,3.921270222729529e-05,0.0,-23.14838979818425,-0.0001520186293806738,-0.12703949270304093,-247.40877565945095,5.6029744667243825e-05
6.812499999999971,0.03226748723945493,-0.0014972670036096252,3.9188385564156806e-05,0.0,-23.15782224020136,-0.0001520053214065302,-0.12392010402110554,-247.36451212496632,5.600123044356824e-05
6.833333333333304,0.031756366596767685,-0.0014136886494456183,3.916404084130663e-05,0.0,-23.167667889865687,-0.00015199199897340983,-0.12084987011035686,-247.32655817241707,5.597265203662633e-05
6.854166666666637,0.031272712254531446,-0.0013346198305439353,3.9139670247538655e-05,0.0,-23.178304502837367,-0.00015197866242038362,-0.11782614569416161,-247.29663676311628,5.5944013414007926e-05
6.87499999999997,0.03081513259224669,-0.0012598320742933807,3.911527587488881e-05,0.0,-23.189345449794153,-0.0001519653120780524,-0.11484641492765757,-247.2725647112895,5.591531835830487e-05
6.895833333333303,0.03038229744617765,-0.00118910699772918,3.909085972201744e-05,0.0,-23.200761500875824,-0.00015195194826838802,-0.11190828611866621,-247.25399859323866,5.588657047433772e-05
6.916666666666636,0.029972936344917808,-0.0011222360178916298,3.9066423697558316e-05,0.0,-23.212534508848563,-0.00015193857130461913,-0.10900948655150078,-247.24066052234525,5.585777319623815e-05
6.937499999999969,0.029585836686095535,-0.0010590200524840053,3.9041969623424765e-05,0.0,-23.22464706853381,-0.00015192518149115725,-0.10614785742543464,-247.23228490398657,5.5828929794374606e-05
6.958333333333302,0.029219841870402642,-0.0009992692135675709,3.9017499238064764e-05,0.0,-23.237082503162437,-0.00015191177912355928,-0.10332134891746136,-247.2286180836425,5.5800043382110236e-05
6.979166666666635,0.02887384940887782,-0.0009428024967280652,3.89930141996574e-05,0.0,-23.249824848881694,-0.00015189836448852324,-0.10052801537719525,-247.2294179828115,5.577111692238488e-05
6.999999999999968,0.02854680901424443,-0.0008894474678660316,3.8968516089244294e-05,0.0,-23.262858837679516,-0.000151884937863913,-0.09776601065995028,-247.23445372558604,5.57421532341135e-05
7.020833333333301,0.028237720690906923,-0.0008390399495025111,3.894400641379217e-05,0.0,-23.2761693095909,-0.00015187149951880974,-0.09503358360277936,-247.24349370608144,5.571315499839741e-05
7.041666666666634,0.02794563283063935,-0.0007914237082518468,3.8919486609180675e-05,0.0,-23.289742854010964,-0.00015185804971358657,-0.09232907364663578,-247.25633889485718,5.568412476454316e-05
7.062499999999967,0.027669640325213598,-0.0007464501448933197,3.889495804311357e-05,0.0,-23.30351408341283,-0.00015184458870000388,-0.08965090660688357,-247.27409321775798,5.565506495588804e-05
7.0833333333333,0.027408882701685473,-0.0007039779882729823,3.887042201794951e-05,0.0,-23.31474267924028,-0.00015183111672132296,-0.08699759059318612,-247.30255451811897,5.562597787543001e-05
7.104166666666633,0.027162542288235253,-0.0006638729940847629,3.884587977345124e-05,0.0,-23.32616068947659,-0.00015181763401243505,-0.08436771207897653,-247.33436073330955,5.559686571126275e-05
7.124999999999966,0.026929842413072634,-0.0006260076494151179,3.882133248945056e-05,0.0,-23.337453193411687,-0.00015180414080000432,-0.08175993211983545,-247.3667060857573,5.556773054181541e-05
7.145833333333299,0.026710045646106392,-0.0005902608837870111,3.8796781288430896e-05,0.0,-23.348424451578083,-0.0001517906373026228,-0.07917298271968232,-247.39781600458392,5.5538574340901365e-05
7.166666666666632,0.026502452080923607,-0.0005565177873056199,3.8772227238023314e-05,0.0,-23.358144841831567,-0.00015177712373097462,-0.0766056633425789,-247.4417369994177,5.550939898257419e-05
7.187499999999965,0.02630639766473885,-0.000524669336389093,3.874767135341918e-05,0.0,-23.36662665310153,-0.00015176360028800923,-0.07405683756807058,-247.50303757621316,5.548020624579726e-05
7.208333333333298,0.02612125257624041,-0.0004946121274615586,3.8723114599698365e-05,0.0,-23.376167747631936,-0.00015175006716912077,-0.07152542988709243,-247.55051184330927,5.5450997818928516e-05
7.229166666666631,0.02594641965355429,-0.00046624811889163596,3.869855789407371e-05,0.0,-23.398999238968383,-0.00015173652456233327,-0.06901042263536361,-247.59122529977978,5.542177530402435e-05
7.2499999999999645,0.0250394402507539,-0.00043948438137674385,3.8674002108053365e-05,0.0,-23.393976005259294,-0.00014685106926137128,-0.06651085306086912,-247.4237208109453,5.539254022096724e-05
7.2708333333332975,0.02413075296980487,-0.000414233436017216,3.8650242833972986e-05,0.0,-23.388063702162004,-0.00014189388687956407,-0.06409715828106322,-247.24983333040197,5.536424456250676e-05
7.2916666666666305,0.023254509289253232,-0.00039041214248114535,3.862729116413091e-05,0.0,-23.382361208125186,-0.00013709257093859098,-0.061769641607437364,-247.08214229131045,5.533690257913216e-05
7.312499999999964,0.022409583938838986,-0.0003679416817247744,3.860512108924142e-05,0.0,-23.37686131716931,-0.00013244288470708353,-0.059525314047951916,-246.92043344152512,5.53104840974226e-05
7.333333333333297,0.021594888321605086,-0.00034674736498308326,3.858370735772823e-05,0.0,-23.37155705436807,-0.00012794066707604704,-0.05736128402393792,-246.76449947601728,5.5284959786577995e-05
7.35416666666663,0.020809369488031755,-0.0003267584394343153,3.8563025457796966e-05,0.0,-23.36644166957741,-0.00012358183358673322,-0.05527475464492593,-246.6141398443399,5.526030114100115e-05
7.374999999999963,0.020052009126109095,-0.00030790790066838634,3.854305159975387e-05,0.0,-23.361508631250985,-0.00011936237730787928,-0.0532630210262699,-246.46916056098593,5.5236480462937154e-05
7.395833333333296,0.019321822568568237,-0.0002901323119888995,3.852376269856972e-05,0.0,-23.356751620354494,-0.00011527836953438203,-0.05132346765166318,-246.32937401890263,5.5213470845181754e-05
7.416666666666629,0.01861785781731044,-0.00027337163053864604,3.8505136356688065e-05,0.0,-23.35216452437277,-0.00011132596034696769,-0.049453565782403786,-246.19459880612698,5.519124615386974e-05
7.437499999999962,0.017939194586477678,-0.0002575690402040745,3.8487150847079015e-05,0.0,-23.347741431427032,-0.00010750137900247727,-0.047650870914955235,-246.0646595258779,5.516978101135634e-05
7.458333333333295,0.017284943363802534,-0.00024267079122468083,3.8469785096539274e-05,0.0,-23.343476624492048,-0.00010380093419118212,-0.0459130202880873,-245.93938661997043,5.514905077920351e-05
7.479166666666628,0.016654244491258737,-0.0002286260464081522,3.845301866924112e-05,0.0,-23.339364575727167,-0.00010022101414744004,-0.044237730440651823,-245.81861619581488,5.5129031541284904e-05
7.499999999999961,0.01604626726498539,-0.00021538673383097754,3.843683175053186e-05,0.0,-23.335399940916915,-9.675808663595757e-05,-0.04262279482085152,-245.70218985695504,5.5109700087021216e-05
7.520833333333294,0.015460209054905662,-0.0002029074058866183,3.842120513098672e-05,0.0,-23.331577554026,-9.340869880136595e-05,-0.04106608144761115,-245.58995453724515,5.509103389475925e-05
7.541666666666627,0.014895294443987595,-0.0001911451045289315,3.8406120190717626e-05,0.0,-23.32789242186725,-9.016947691502243e-05,-0.03956553062453061,-245.48176233865107,5.507301111530607e-05
7.56249999999996,0.014350774387683009,-0.00018005923254692596,3.839155888394063e-05,0.0,-23.324339718890492,-8.70371259936096e-05,-0.038119152706703296,-245.37747037280866,5.505561055563074e-05
7.583333333333293,0.013825925392999322,-0.00016961143069783995,3.837750372380399e-05,0.0,-23.320914782082532,-8.400842933204138e-05,-0.03672502592052407,-245.27694060619177,5.503881166274403e-05
7.604166666666626,0.013320048717744748,-0.00015976546051862895,3.83639377674802e-05,0.0,-23.31761310598859,-8.108024792835596e-05,-0.035381294236507266,-245.180039709042,5.502259450776716e-05
7.624999999999959,0.0128324695895986,-0.00015048709263101618,3.83508446015233e-05,0.0,-23.314430337849874,-7.824951982301446e-05,-0.034086165294975324,-245.0866389079779,5.500693977019962e-05
7.645833333333292,0.012362536444977553,-0.00014174400035199476,3.833820832749404e-05,0.0,-23.31136227285792,-7.551325935936682e-05,-0.0328379083843755,-244.99661384227372,5.499182872239489e-05
7.666666666666625,0.01190962018766453,-0.00013350565841991415,3.8326013547854216e-05,0.0,-23.308404849527147,-7.286855636136352e-05,-0.03163485247189435,-244.9098444238286,5.4977243214253024e-05
7.687499999999958,0.011473113466897417,-0.00012574324664579623,3.831424535213168e-05,0.0,-23.305554145183727,-7.031257525124544e-05,-0.03047538428594443,-244.82621470075773,5.4963165658137844e-05
7.708333333333291,0.011052429974809942,-0.0001184295583001542,3.830288930335707e-05,0.0,-23.302806371568785,-6.784255409699697e-05,-0.02935794644997447,-244.74561272458337,5.4949579014025886e-05
7.729166666666624,0.01064700376294592,-0.00011153891304715599,3.829193142477305e-05,0.0,-23.300157870556706,-6.54558036087611e-05,-0.028281035667059307,-244.66793042098973,5.493646677489347e-05
7.749999999999957,0.010256288577712677,-0.00010504707424035303,3.828135818681636e-05,0.0,-23.29760510998792,-6.314970608417763e-05,-0.027243200954595537,-244.59306346411842,5.492381295234776e-05
7.77083333333329,0.009879757214404317,-9.893117039724875e-05,3.827115649437278e-05,0.0,-23.295144679613013,-6.092171430307304e-05,-0.026243041928401212,-244.52091115433123,5.491160206250686e-05
7.791666666666623,0.009516900889493113,-9.316962067360178e-05,3.8261313674304635e-05,0.0,-23.292768001941788,-5.8769350389406094e-05,-0.025279207135461057,-244.4514270564457,5.489981911213307e-05
7.8124999999999565,0.009167228630938835,-8.774206416243913e-05,3.825181746325054e-05,0.0,-23.290533022113042,-5.669020463730458e-05,-0.024350392434518753,-244.38495172426195,5.488844958502333e-05
7.8333333333332895,0.008830266686302124,-8.262929284720772e-05,3.824265599569591e-05,0.0,-23.288419910325548,-5.4681934302633646e-05,-0.02345533942368938,-244.32127472231235,5.487747942865972e-05
7.8541666666666226,0.008505557948168518,-7.781318804325196e-05,3.823381779231361e-05,0.0,-23.286391270132675,-5.274226237160268e-05,-0.02259283391421185,-244.25991302526353,5.4866895041122475e-05
7.874999999999956,0.008192661396462764,-7.327666016677634e-05,3.822529174857266e-05,0.0,-23.284436742819185,-5.086897631253528e-05,-0.021761704449441588,-244.2007776183679,5.48566832582675e-05
7.895833333333289,0.007891151557731105,-6.900359167559939e-05,3.8217067123613725e-05,0.0,-23.282498292372818,-4.9059926804463056e-05,-0.020960820868205943,-244.1434305442452,5.4846831341169756e-05
7.916666666666622,0.007600617980548771,-6.49787830312644e-05,3.8209133529388616e-05,0.0,-23.28057197604737,-4.731302645175158e-05,-0.020189092911552464,-244.08777759801964,5.4837326963832904e-05
7.937499999999955,0.007320664727030276,-6.118790153739714e-05,3.820148092006218e-05,0.0,-23.278791623929898,-4.5626248493774955e-05,-0.019445468871954752,-244.03471012197818,5.482815820116624e-05
7.958333333333288,0.007050909879885507,-5.7617432914551335e-05,3.819409958167364e-05,0.0,-23.276975196939116,-4.39976255051004e-05,-0.018728934284036214,-243.9829239705184,5.481931351722822e-05
7.979166666666621,0.0067909850647400296,-5.425463547713426e-05,3.8186980122054416e-05,0.0,-23.275273631230895,-4.242524809344459e-05,-0.01803851065583384,-243.9333904494198,5.481078175373604e-05
7.999999999999954,0.006540534987534813,-5.108749678331265e-05,3.818011346099978e-05,0.0,-23.273635357835374,-4.090726358773033e-05,-0.017373254239668512,-243.88568055785225,5.4802552118840435e-05
8.020833333333288,0.006299216986188188,-4.810469263405464e-05,3.817349082069117e-05,0.0,-23.272127152774644,-3.9441874745189224e-05,-0.016732254841600458,-243.84040062654344,5.4794614176164446e-05
8.041666666666622,0.00606670059662901,-4.529554830263165e-05,3.8167103716365326e-05,0.0,-23.270674964177072,-3.8027338442250564e-05,-0.01611463466857277,-243.79676784709656,5.478695783410391e-05
8.062499999999956,0.005842667132599513,-4.265000188097948e-05,3.8160943947227275e-05,0.0,-23.269278368901183,-3.666196439000239e-05,-0.015519547212246465,-243.75474205470132,5.477957333538812e-05
8.08333333333329,0.00562680927891525,-4.015856963427885e-05,3.815500358760334e-05,0.0,-23.267932927895387,-3.534411384041114e-05,-0.014946176168579406,-243.7142530282536,5.477245124689841e-05
8.104166666666623,0.005418830697743123,-3.78123132599521e-05,3.814927497833014e-05,0.0,-23.266636776011637,-3.407219831938496e-05,-0.014393734392213808,-243.6752448831882,5.47655824497412e-05
8.124999999999957,0.0052184456478522176,-3.560280895198242e-05,3.814375071837627e-05,0.0,-23.26538811543541,-3.2844678355952966e-05,-0.013861462884737108,-243.63766374386776,5.4758958129573876e-05
8.145833333333291,0.005025378616013931,-3.3522118176019895e-05,3.813842365669188e-05,0.0,-23.2641852133061,-3.1660062234810694e-05,-0.013348629815866708,-243.60145767309703,5.475256976717922e-05
8.166666666666625,0.004839363960550405,-3.156276006516917e-05,3.813328688428291e-05,0.0,-23.262883093897127,-3.0516904761050345e-05,-0.01285452957669353,-243.565451223377,5.474640912928594e-05
8.18749999999996,0.004660145566706131,-2.9717685350618254e-05,3.812833372650538e-05,0.0,-23.26097402277254,-2.9413806035078835e-05,-0.012378481864030455,-243.5255824045414,5.474046825963161e-05
8.208333333333293,0.004487476513319744,-2.798025174539429e-05,3.8123557735575376e-05,0.0,-23.259134956288047,-2.834941025237154e-05,-0.011919830795025455,-243.48717338663886,5.473473947026378e-05
8.229166666666627,0.004321118750449534,-2.6344200703502883e-05,3.811895268329112e-05,0.0,-23.257363335988217,-2.7322404515210127e-05,-0.011477944051125455,-243.45017094444526,5.472921533307671e-05
8.249999999999961,0.004160842787968288,-2.4803635480524495e-05,3.8114512553962226e-05,0.0,-23.255658162784876,-2.6331517662374598e-05,-0.011052212050579158,-243.41451939436755,5.472388867157856e-05
8.270833333333295,0.004006427394326445,-2.335300042541195e-05,3.8110231537542156e-05,0.0,-23.254037746541734,-2.5375519127471242e-05,-0.010642047148602174,-243.38029472812767,5.471875255288575e-05
8.291666666666629,0.003857659305690638,-2.1987061436752127e-05,3.8106104022959514e-05,0.0,-23.252525448655632,-2.445321779728985e-05,-0.010246882864400675,-243.34785882833586,5.471380027994039e-05
8.312499999999963,0.003714332944613536,-2.0700887520126685e-05,3.810212459164375e-05,0.0,-23.25104451529841,-2.35634609161562e-05,-0.009866173134230216,-243.31636900286102,5.470902538394604e-05
8.333333333333297,0.003576250148407227,-1.9489833386436645e-05,3.8098288011241165e-05,0.0,-23.24959448548948,-2.270513298852493e-05,-0.009499391589724127,-243.28579939104176,5.4704421617018496e-05
8.35416666666663,0.0034432199066606792,-1.834952303414213e-05,3.809458922951652e-05,0.0,-23.24821520608775,-2.1877154716869966e-05,-0.0091460308606921,-243.25656730704557,5.4699982945046056e-05
8.374999999999964,0.0033150581076765682,-1.727583426131819e-05,3.809102336843636e-05,0.0,-23.246883395777257,-2.1078481954310124e-05,-0.00880560190165447,-243.22839900330754,5.469570354075623e-05
8.395833333333298,0.0031915872936433146,-1.626488405624598e-05,3.8087585718429626e-05,0.0,-23.24560318003387,-2.0308104679976055e-05,-0.008477633341352764,-243.20129152893145,5.469157777698379e-05
8.416666666666632,0.0030726364240374468,-1.5313014817941813e-05,3.808427173282107e-05,0.0,-23.24433019536554,-1.9565045997801413e-05,-0.008161670854543779,-243.17484396553388,5.4687600220135685e-05
8.437499999999966,0.0029580406473160474,-1.4416781360590644e-05,3.80810770224335e-05,0.0,-23.243035017888452,-1.884836116085824e-05,-0.007857276555350623,-243.14858433577143,5.468376562384894e-05
8.4583333333333,0.0028476410803526704,-1.3572938658287416e-05,3.807799735035494e-05,0.0,-23.241787265323012,-1.8157136607698524e-05,-0.007564028411504609,-243.12328639531177,5.468006892283699e-05
8.479166666666634,0.002741284595525977,-1.277843028881277e-05,3.807502862686571e-05,0.0,-23.240585207116954,-1.7490489027445705e-05,-0.00728151967878965,-243.09891504283397,5.46765052269199e-05
8.499999999999968,0.002638823615259287,-1.2030377537378372e-05,3.8072166904522244e-05,0.0,-23.239427175437466,-1.684756444436482e-05,-0.007009358355070994,-243.07543644968877,5.467306981523401e-05
8.520833333333302,0.002540115913433068,-1.1326069123378092e-05,3.806940837339316e-05,0.0,-23.238311562925816,-1.6227537335814873e-05,-0.006747166653227055,-243.05281801432818,5.466975813061738e-05
8.541666666666636,0.0024450244239842926,-1.066295151517673e-05,3.806674935644347e-05,0.0,-23.23723682053591,-1.5629609746861315e-05,-0.006494580492433677,-243.0310283183987,5.46665657741658e-05
8.56249999999997,0.0023534170560679515,-1.0038619799864936e-05,3.806418630506365e-05,0.0,-23.236201455445553,-1.505301045347815e-05,-0.0062512490071471305,-243.01003708433433,5.46634884999561e-05
8.583333333333304,0.0022651665155696624,-9.450809076708407e-06,3.80617157947386e-05,0.0,-23.23520402903907,-1.449699412865184e-05,-0.006016834073222732,-242.98981513440657,5.466052220993141e-05
8.604166666666638,0.0021801501329911203,-8.897386344728404e-06,3.805933452085391e-05,0.0,-23.23424315496276,-1.3960840539280385e-05,-0.0057910098506175345,-242.97033435124263,5.46576629489453e-05
8.624999999999972,0.002098249697347666,-8.376342856471488e-06,3.805703929463476e-05,0.0,-23.23331749724828,-1.344385376068151e-05,-0.005573462342112201,-242.95156763972176,5.4654906899960086e-05
8.645833333333306,0.002019351295811217,-7.88578691156227e-06,3.805482703921421e-05,0.0,-23.23242576850008,-1.2945361411956425e-05,-0.005363888967518271,-242.93348889018895,5.465225037939514e-05
8.66666666666664,0.0019433451590943462,-7.423937065091026e-06,3.805269478582732e-05,0.0,-23.231566728148707,-1.2464713911235502e-05,-0.005161998152863667,-242.91607294298953,5.464968983262174e-05
8.687499999999973,0.0018701255122256372,-6.9891157272671005e-06,3.8050639670127166e-05,0.0,-23.230739180764438,-1.2001283753413923e-05,-0.00496750893405018,-242.8992955542402,5.464722182960007e-05
8.708333333333307,0.0017995904306116375,-6.5797431320777145e-06,3.804865892861975e-05,0.0,-23.229941974430897,-1.1554464802520438e-05,-0.004780150574485553,-242.8831333628137,5.46448430606545e-05
8.729166666666641,0.0017316417011130334,-6.194331653929429e-06,3.8046749895214e-05,0.0,-23.2291739991746,-1.1123671614039131e-05,-0.00459966219624075,-242.86756385847232,5.464255033238353e-05
8.749999999999975,0.0016661846882023784,-5.831480452422078e-06,3.804490999788394e-05,0.0,-23.22843418545349,-1.0708338764422743e-05,-0.004425792424250119,-242.8525653511732,5.464034056370075e-05
8.770833333333309,0.0016031282046933464,-5.489870426514629e-06,3.8043136755439284e-05,0.0,-23.227721502695616,-1.0307920203200891e-05,-0.00425829904312458,-242.83811694141806,5.463821078200264e-05
8.791666666666643,0.0015423843871297937,-5.168259460391647e-06,3.804142777440166e-05,0.0,-23.22703495789086,-9.921888627486728e-06,-0.004096948666143518,-242.82419849167354,5.463615811946015e-05
8.812499999999977,0.001483868575646578,-4.865477944333391e-06,3.803978074598324e-05,0.0,-23.226373594233916,-9.549734871414968e-06,-0.003941516416009705,-242.81079059881915,5.463417980943019e-05
8.83333333333331,0.001427499197952078,-4.580424554830167e-06,3.8038193443164594e-05,0.0,-23.22573648981223,-9.190967317559344e-06,-0.0037917856169640274,-242.79787456753806,5.463227318298373e-05
8.854166666666645,0.0013731976576933575,-4.312062279071168e-06,3.803666371786894e-05,0.0,-23.225122756345726,-8.845111314257671e-06,-0.003647547497874548,-242.78543238471948,5.4630435665547025e-05
8.874999999999979,0.0013208882265665647,-4.05941466977665e-06,3.803518949822992e-05,0.0,-23.224531537966868,-8.511708620464906e-06,-0.00350860090589844,-242.77344669471424,5.46286647736528e-05
8.895833333333313,0.0012704979403735822,-3.821562317136333e-06,3.803376878594977e-05,0.0,-23.22396201004601,-8.190316867030052e-06,-0.0033747520303855083,-242.76190077549845,5.4626958111797686e-05
8.916666666666647,0.0012219564988251075,-3.5976395253663407e-06,3.803239965374559e-05,0.0,-23.22341337805938,-7.880509033064058e-06,-0.003245814136644043,-242.75077851569748,5.462531336940354e-05
8.93749999999998,0.0011751961688819632,-3.3868311821058352e-06,3.803108024288064e-05,0.0,-23.222884876496728,-7.581872928431654e-06,-0.0031216073092350527,-242.74006439242143,5.462372831787885e-05
8.958333333333314,0.0011301516915960784,-3.188369809543756e-06,3.802980876077814e-05,0.0,-23.222418009019442,-7.2940107036546255e-06,-0.0030019582044600313,-242.7301190654959,5.462220080777738e-05
8.979166666666648,0.0010867601922228366,-3.0015327867977154e-06,3.80285834787151e-05,0.0,-23.22204714339996,-7.016538377288756e-06,-0.0028866998117198506,-242.72102885893554,5.462072876605138e-05
8.999999999999982,0.0010449610936622724,-2.825639733664914e-06,3.802740272959363e-05,0.0,-23.221574237265965,-6.749085361705076e-06,-0.002775671223445464,-242.71206454345355,5.461931019339601e-05
9.020833333333316,0.0010046960329204047,-2.6600500464277796e-06,3.802626490578721e-05,0.0,-23.221096030305752,-6.491294018165977e-06,-0.0026687174132860036,-242.70340574672647,5.461794316168271e-05
9.04166666666665,0.000965908780583146,-2.504160576929669e-06,3.802516845705975e-05,0.0,-23.220635378903687,-6.242819225374711e-06,-0.002565689022276274,-242.6950648589875,5.461662581147826e-05
9.062499999999984,0.0009285451632540773,-2.357403446638098e-06,3.8024111888555015e-05,0.0,-23.22022507382392,-6.003327948506977e-06,-0.002466442152691428,-242.6871364806122,5.461535634964729e-05
9.083333333333318,0.0008925529887792743,-2.2192439878872936e-06,3.802309375885418e-05,0.0,-23.219885247749808,-5.772498832316028e-06,-0.0023708381693303693,-242.67913391668804,5.46141330470353e-05
9.104166666666652,0.0008578819739695681,-2.089178804939002e-06,3.8022112678099344e-05,0.0,-23.2195364969572,-5.550021814840786e-06,-0.002278743507952541,-242.67104067668603,5.461295423622984e-05
9.124999999999986,0.0008244836752825905,-1.9667339479231026e-06,3.8021167306181056e-05,0.0,-23.219188568513214,-5.335597728380981e-06,-0.002190029490638956,-242.66328855812986,5.461181830939751e-05
9.14583333333332,0.0007923114217093576,-1.8514631931176632e-06,3.80202563509875e-05,0.0,-23.218823003162075,-5.128937943971591e-06,-0.002104572147793249,-242.65517959774706,5.4610723716194084e-05
9.166666666666654,0.0007613202501867198,-1.7429464234040216e-06,3.8019378566713536e-05,0.0,-23.218532963430487,-4.929763995600541e-06,-0.0020222520465882354,-242.64825073855616,5.460966896174562e-05
9.187499999999988,0.0007314668433522844,-1.6407881030872297e-06,3.801853275222776e-05,0.0,-23.218227466606656,-4.737807252336719e-06,-0.001942954125602192,-242.6424387739663,5.46086526046983e-05
9.208333333333321,0.0007027094696252456,-1.5446158416063114e-06,3.801771774949543e-05,0.0,-23.217923089632844,-4.552808556154898e-06,-0.0018665675354458955,-242.63698265648478,5.460767325533476e-05
9.229166666666655,0.000675007925154735,-1.4540790409745181e-06,3.801693244205558e-05,0.0,-23.21762989449489,-4.374517923711618e-06,-0.0017929854851361782,-242.63172697897335,5.460672957375455e-05
9.24999999999999,0.0006483234783812701,-1.3688476220871255e-06,3.801617575355074e-05,0.0,-23.217345470220824,-4.202694213316821e-06,-0.0017221050940570137,-242.6266798141487,5.460582026811737e-05
9.270833333333323,0.0006226188160830084,-1.288610825314835e-06,3.8015446646307065e-05,0.0,-23.217071914400343,-4.037104823296936e-06,-0.0016538272492558903,-242.62182311522454,5.460494409294593e-05
9.291666666666657,0.0005978579917887831,-1.2130760810655201e-06,3.8014744119963685e-05,0.0,-23.21680474719755,-3.8775253978792865e-06,-0.001588056467928034,-242.6171475593077,5.460409984748759e-05
9.312499999999991,0.0005740063755511002,-1.1419679462463007e-06,3.801406721014926e-05,0.0,-23.21654836345186,-3.7237395526423973e-06,-0.001524700764877096,-242.6126358471647,5.4603286374131845e-05
9.333333333333325,0.0005510306063705341,-1.075027102793262e-06,3.801341498720483e-05,0.0,-23.216301170810876,-3.5755385735131173e-06,-0.0014636715248093068,-242.60829085405155,5.460250255688326e-05
9.354166666666659,0.0005288985453455579,-1.0120094146577097e-06,3.801278655495036e-05,0.0,-23.21606566048334,-3.432721183233917e-06,-0.0014048833792204007,-242.60411857813511,5.46017473198861e-05
9.374999999999993,0.0005075792313641443,-9.526850398469415e-07,3.8012181049494544e-05,0.0,-23.21583878041164,-3.295093253703155e-06,-0.001348254087789158,-242.60012096444734,5.460101962600069e-05
9.395833333333327,0.000487042837940563,-8.968375943144877e-07,3.801159763808593e-05,0.0,-23.215619566255718,-3.1624675760974638e-06,-0.0012937044240644013,-242.59618122390864,5.4600318475428645e-05
