time,e_ActiveBiomass__cytop,EX_C00009__dra,DM_C02094__chlo,EX_C00244__dra,EX_C00011__dra,DM_C00404__vacu,DM_C00244__cytop,EX_C00205__dra,DM_C08601__chlo,DM_C05306__chlo,DM_C05307__chlo,DM_C00369__chlo,DM_C00422__lip
0.0,0.0,0.0,0.0,0.0,0.0,0.0,0.0,0.0,0.0,0.0,0.0,0.0,0.0
0.020833333333333332,0.26955193982498754,-0.13503140591797952,0.0003719918570672296,-0.37428180943693595,-11.153745707611687,0.0027932200165710817,-0.6628713288292548,-129.6945974801718,0.001992114354057043,0.0,0.0,-9.985726111119044e-05,0.0
0.041666666666666664,0.2698053465470828,-0.13502994648210828,0.00037199185706722953,-0.3850019719469107,-11.16464699607797,0.0027907098151575362,-0.6531261976147378,-129.7835082794489,0.001992114354057043,0.0,0.0,-9.967085212301294e-05,0.0
0.0625,0.2700570820529436,-0.1350284782782014,0.00037199185706722953,-0.39556046876342144,-11.175479996887937,0.0027882154327899165,-0.6435363017665121,-129.8718545599814,0.001992114354057043,0.0,0.0,-9.948366900466027e-05,0.0
0.08333333333333333,0.27030716228713386,-0.13502700128863027,0.0003719918570672295,-0.4059600918250803,-11.186245368627965,0.002785736714495594,-0.6340989106957352,-129.95964175047234,0.001992114354057043,0.0,0.0,-9.929571521152376e-05,0.0
0.10416666666666666,0.270555599066856,-0.1350255154734357,0.0003719918570672295,-0.4162034248255906,-11.196943602836608,0.0027832735443370873,-0.6248114861777195,-130.0468738951517,0.001992114354057043,0.0,0.0,-9.910699139793951e-05,0.0
0.12499999999999999,0.27080240258161276,-0.13502402078386358,0.00037199185706722953,-0.42629294723042727,-11.207575125090838,0.002780825821774672,-0.6156715879530434,-130.1335544917497,0.001992114354057043,0.0,0.0,-9.89174971598582e-05,0.0
0.14583333333333331,0.27104758217152275,-0.13502251716647798,0.0003719918570672295,-0.43623106739639633,-11.218140326501597,0.0027783934543036772,-0.6066768436027833,-130.21968675254422,0.0019921143540570425,0.0,0.0,-9.872723156598814e-05,0.0
0.16666666666666666,0.27129114666263704,-0.13502100456489882,0.00037199185706722953,-0.44602013728463175,-11.228639577289542,0.002775976354271551,-0.5978249351257958,-130.30527371686378,0.001992114354057043,0.0,0.0,-9.853619338315241e-05,0.0
0.1875,0.27153310453904345,-0.135019482920678,0.0003719918570672295,-0.45566246033194174,-11.239073233754645,0.0027735744372536786,-0.5891135917294141,-130.39031830884187,0.0019921143540570434,0.0,0.0,-9.834438119058575e-05,0.0
0.20833333333333334,0.2717734640416588,-0.13501795217379403,0.00037199185706722953,-0.4651602962221668,-11.24944164227854,0.002771187621113983,-0.5805405854383099,-130.47482337058005,0.001992114354057043,0.0,0.0,-9.815179344497334e-05,0.0
0.22916666666666669,0.2720122332295887,-0.13501641226295372,0.00037199185706722953,-0.47451586405838087,-11.259745141810601,0.0027688158254258375,-0.5721037281583721,-130.5587916827458,0.001992114354057043,0.0,0.0,-9.795842852060412e-05,0.0
0.25,0.27224942002052255,-0.13501486312578756,0.00037199185706722953,-0.4837313446298604,-11.269984065504822,0.0027664589710874785,-0.5638008695651756,-130.64222597813426,0.001992114354057043,0.0,0.0,-9.776428473573223e-05,0.0
0.2708333333333333,0.272485032218558,-0.1350133046989812,0.00037199185706722953,-0.4928088821291427,-11.280158741847071,0.002764116980056741,-0.5556298954939537,-130.72512895100914,0.001992114354057043,0.0,0.0,-9.756936037074284e-05,0.0
0.29166666666666663,0.27271907753405455,-0.13501173691836799,0.00037199185706722953,-0.5017505855158433,-11.290269495459508,0.0027617897751689804,-0.5475887266521784,-130.80750326376716,0.001992114354057043,0.0,0.0,-9.737365368117641e-05,0.0
0.31249999999999994,0.272951563598219,-0.13501015971899463,0.0003719918570672295,-0.5105585296429735,-11.30031664769147,0.002759477279987562,-0.5396753175493693,-130.88935155183344,0.001992114354057043,0.0,0.0,-9.717716290738167e-05,0.0
0.33333333333333326,0.2731824979740841,-0.1350085730351697,0.00037199185706722953,-0.5192347562172738,-11.310300517063887,0.0027571794187097134,-0.5318876555790517,-130.97067642734618,0.001992114354057043,0.0,0.0,-9.697988628187879e-05,0.0
0.3541666666666666,0.2734118881649367,-0.13500697680049953,0.0003719918570672295,-0.5277812746397078,-11.320221419610291,0.0027548961160830387,-0.5242237602105941,-131.0514804819811,0.001992114354057043,0.0,0.0,-9.67818220351179e-05,0.0
0.3749999999999999,0.27363974162090055,-0.1350053709479152,0.0003719918570672295,-0.5362000627568488,-11.3300796691429,0.0027526272973391976,-0.5166816822631802,-131.13176628915895,0.001992114354057043,0.0,0.0,-9.658296840008612e-05,0.0
0.3958333333333332,0.2738660657441407,-0.1350037554096931,0.00037199185706722953,-0.544493067544327,-11.33987557746314,0.002750372888153052,-0.5092595032424734,-131.2115364057906,0.001992114354057043,0.0,0.0,-9.638332361606827e-05,0.0
0.4166666666666665,0.27409086789304815,-0.1350021301174701,0.00037199185706722953,-0.5526622057372349,-11.349609454530334,0.0027481328145923336,-0.5019553347262046,-131.2907933736748,0.001992114354057043,0.0,0.0,-9.618288593177439e-05,0.0
0.43749999999999983,0.2743141553856336,-0.13500049500225558,0.00037199185706722953,-0.5607093644182576,-11.359281608598238,0.0027459070030939614,-0.4947673177891507,-131.36953972063466,0.001992114354057043,0.0,0.0,-9.598165360798595e-05,0.0
0.45833333333333315,0.2745359355022909,-0.13499884999444006,0.00037199185706722953,-0.5686364015714511,-11.368892346326565,0.0027436953804299926,-0.4876936224599708,-131.4477779614391,0.001992114354057043,0.0,0.0,-9.577962491983056e-05,0.0
0.47916666666666646,0.2747562154880932,-0.13499719502380167,0.0003719918570672295,-0.5764451466076044,-11.37844197287274,0.0027414978736940063,-0.4807324472047001,-131.5255105985695,0.001992114354057043,0.0,0.0,-9.557679815876584e-05,0.0
0.4999999999999998,0.27497500255468543,-0.1349955300195109,0.00037199185706722953,-0.5841374008657193,-11.387930791967978,0.002739314410276824,-0.47388201843251815,-131.60274012284827,0.001992114354057043,0.0,0.0,-9.53731716343338e-05,0.0
0.5208333333333331,0.27519230388187477,-0.13499385491013358,0.00037199185706722953,-0.5917149380941,-11.397359105980648,0.0027371449178525964,-0.4671405900208158,-131.6794690139679,0.001992114354057043,0.0,0.0,-9.516874367573213e-05,0.0
0.5416666666666665,0.2754081266189645,-0.13499216962363303,0.0003719918570672295,-0.5991795049137971,-11.406727215969322,0.002734989324368442,-0.460506442856897,-131.7556997409331,0.001992114354057043,0.0,0.0,-9.496351263323749e-05,0.0
0.5624999999999999,0.27562247788588123,-0.13499047408737078,0.0003719918570672295,-0.6065328212665807,-11.416035421727376,0.00273284755802905,-0.4539778843942509,-131.83143476243072,0.001992114354057043,0.0,0.0,-9.475747687950916e-05,0.0
0.5833333333333333,0.27583536477412735,-0.13498876822810682,0.00037199185706722953,-0.613776580849195,-11.425284021820605,0.002730719547291353,-0.447553248222085,-131.90667652714643,0.001992114354057043,0.0,0.0,-9.45506348107951e-05,0.0
0.6041666666666666,0.27604679434759244,-0.134987051971999,0.00037199185706722953,-0.6209124515353059,-11.43447331361902,0.0027286052208565317,-0.44123089364639384,-131.98142747402747,0.001992114354057043,0.0,0.0,-9.434298484805674e-05,0.0
0.625,0.27625677364324663,-0.13498532524460166,0.00037199185706722953,-0.6279420757863207,-11.443603593323811,0.002726504507659063,-0.4350092052818678,-132.05569003251094,0.001992114354057043,0.0,0.0,-9.413452543802853e-05,0.0
0.6458333333333334,0.2764653096717311,-0.13498358797086418,0.00037199185706722953,-0.6348670710520216,-11.4526751559902,0.002724417336865829,-0.4288865926535241,-132.12946662271466,0.001992114354057043,0.0,0.0,-9.392525505422123e-05,0.0
0.6666666666666667,0.27667240941786264,-0.13498184007512865,0.0003719918570672295,-0.6416890301618233,-11.46168829554685,0.0027223436378713828,-0.42286148980741806,-132.20275965560015,0.001992114354057043,0.0,0.0,-9.371517219787999e-05,0.0
0.6875000000000001,0.2768780798410771,-0.13498008148112728,0.00037199185706722953,-0.6484095217073517,-11.470643304812356,0.002720283340290249,-0.41693235492963104,-132.2755715331123,0.001992114354057043,0.0,0.0,-9.350427539890403e-05,0.0
0.7083333333333335,0.2770823278757932,-0.13497831211197986,0.0003719918570672295,-0.6550300904168951,-11.47954047550921,0.0027182363739477466,-0.41109766997341873,-132.3479046482979,0.001992114354057043,0.0,0.0,-9.329256321673439e-05,0.0
0.7291666666666669,0.27728516043173684,-0.13497653189019018,0.00037199185706722953,-0.6615522575222189,-11.48838009827568,0.0027162026688956806,-0.40535594029353134,-132.41976138540562,0.001992114354057043,0.0,0.0,-9.30800342412146e-05,0.0
0.7500000000000002,0.27748658439422075,-0.1349747407376429,0.00037199185706722953,-0.6679775211182022,-11.497162462675831,0.002714182155388656,-0.39970569428767455,-132.49114411997272,0.0019921143540570425,0.0,0.0,-9.286668709342963e-05,0.0
0.7708333333333336,0.2776866066243844,-0.1349729385755997,0.00037199185706722953,-0.6743073565156346,-11.505887857207973,0.002712174763890888,-0.39414548304457037,-132.56205521889734,0.001992114354057043,0.0,0.0,-9.265252042652542e-05,0.0
0.791666666666667,0.2778852339593901,-0.13497112532469557,0.0003719918570672295,-0.680543216587504,-11.514556569311786,0.0027101804250773873,-0.38867387999857644,-132.63249704050003,0.001992114354057043,0.0,0.0,-9.243753292651338e-05,0.0
0.8125000000000003,0.2780824732126111,-0.1349693009049345,0.00037199185706722953,-0.6866865321090674,-11.523168885374254,0.002708199069824483,-0.38328948059016493,-132.70247193457573,0.001992114354057043,0.0,0.0,-9.222172331306158e-05,0.0
0.8333333333333337,0.27827833117377326,-0.1349674652356855,0.0003719918570672295,-0.6927387120919506,-11.531725090734607,0.0027062306292139717,-0.37799090193253154,-132.77198224243764,0.001992114354057043,0.0,0.0,-9.200509034027545e-05,0.0
0.8541666666666671,0.2784728146090956,-0.1349656182356779,0.0003719918570672296,-0.6987011441125109,-11.540225469688394,0.0027042750345271926,-0.3727767824836226,-132.8410302969536,0.001992114354057043,0.0,0.0,-9.17876327974698e-05,0.0
0.8750000000000004,0.27866593026139497,-0.13496375982299705,0.00037199185706722953,-0.7045751946346615,-11.548670305490816,0.0027023322172509503,-0.3676457817238295,-132.9096184225759,0.001992114354057043,0.0,0.0,-9.156934950993342e-05,0.0
0.8958333333333338,0.27885768485018736,-0.13496188991507937,0.00037199185706722953,-0.7103622093273236,-11.55705988035939,0.0027004021090683374,-0.3625965798388736,-132.97774893536706,0.001992114354057043,0.0,0.0,-9.135023933968832e-05,0.0
0.9166666666666672,0.2790480850717727,-0.13496000842870765,0.00037199185706722953,-0.7160635133767231,-11.565394475476065,0.0026984846418569575,-0.35762787740781754,-133.0454241430198,0.001992114354057043,0.0,0.0,-9.113030118624461e-05,0.0
0.9375000000000006,0.27923713759930163,-0.134958115280006,0.0003719918570672296,-0.7216804117936197,-11.573674370988883,0.0026965797476995825,-0.3527383950961496,-133.11264634487324,0.001992114354057043,0.0,0.0,-9.09095339873517e-05,0.0
0.9583333333333339,0.27942484908284154,-0.13495621038443475,0.00037199185706722953,-0.7272141897156509,-11.581899846013187,0.002694687358867872,-0.34792687335364786,-133.17941783192617,0.001992114354057043,0.0,0.0,-9.068793671974727e-05,0.0
0.9791666666666673,0.27961122614942846,-0.13495429365678538,0.00037199185706722953,-0.7326661127049089,-11.590071178632488,0.0026928074078395405,-0.3431920721170151,-133.24574088684713,0.001992114354057043,0.0,0.0,-9.046550839990485e-05,0.0
1.0000000000000007,0.27979627540311186,-0.1349523650111749,0.00037199185706722953,-0.7380374270408676,-11.598188645899057,0.002690939827279711,-0.33853277051713493,-133.31161778398186,0.001992114354057043,0.0,0.0,-9.024224808478024e-05,0.0
1.020833333333334,0.2799800034249947,-0.1349504243610408,0.00037199185706722953,-0.74332936000877,-11.606252523834222,0.0026890845500524563,-0.3339477665908413,-133.3770507893586,0.001992114354057043,0.0,0.0,-9.001815487255782e-05,0.0
1.0416666666666672,0.2801624167732697,-0.1349484716191352,0.0003719918570672295,-0.7485431201835789,-11.614263087428462,0.0026872415092086635,-0.3294358769970691,-133.4420421606921,0.001992114354057043,0.0,0.0,-8.979322790339715e-05,0.0
1.0625000000000004,0.28034352198324747,-0.13494650669751942,0.0003719918570672295,-0.7536798977096028,-11.622220610641346,0.0026854106380064615,-0.32499593673739613,-133.50659414738584,0.0019921143540570434,0.0,0.0,-8.956746636018021e-05,0.0
1.0833333333333337,0.28052332556738907,-0.13494452950755825,0.00037199185706722953,-0.758740864575864,-11.630125366401284,0.002683591869882207,-0.32062679888071616,-133.5707089905334,0.001992114354057043,0.0,0.0,-8.934086946926022e-05,0.0
1.104166666666667,0.28070183401531584,-0.1349425399599139,0.0003719918570672295,-0.7637271748873163,-11.637977626605167,0.002681785138477425,-0.3163273342921926,-133.63438892291697,0.001992114354057043,0.0,0.0,-8.911343650121146e-05,0.0
1.1250000000000002,0.2808790537938495,-0.13494053796454047,0.0003719918570672295,-0.7686399651319884,-11.645777662117943,0.002679990377620752,-0.31209643136610543,-133.69763616900855,0.0019921143540570425,0.0,0.0,-8.888516677158181e-05,0.0
1.1458333333333335,0.2810549913470171,-0.13493852343067764,0.00037199185706722953,-0.7734803544441179,-11.653525742772072,0.002678207521329116,-0.30793299576288097,-133.76045294496717,0.0019921143540570425,0.0,0.0,-8.865605964164655e-05,0.0
1.1666666666666667,0.28122965309607884,-0.13493649626684467,0.0003719918570672295,-0.7782494448633861,-11.661222137366945,0.0026764365038186946,-0.3038359501498545,-133.82284145863733,0.0019921143540570425,0.0,0.0,-8.842611451916506e-05,0.0
1.1875,0.2814030454395409,-0.1349344563808344,0.00037199185706722953,-0.7829483215902788,-11.668867113668277,0.0026746772594901103,-0.2998042339460575,-133.88480390954766,0.0019921143540570425,0.0,0.0,-8.819533085914078e-05,0.0
1.2083333333333333,0.28157517475317684,-0.13493240367970666,0.00037199185706722953,-0.7875780532376792,-11.676460938407459,0.002672929722938496,-0.2958368030706,-133.94634248890736,0.0019921143540570425,0.0,0.0,-8.796370816458273e-05,0.0
1.2291666666666665,0.28174604739004205,-0.13493033806978216,0.0003719918570672295,-0.792139692078736,-11.684003877280912,0.002671193828948167,-0.29193262969495665,-134.00745937960505,0.001992114354057043,0.0,0.0,-8.773124598727123e-05,0.0
1.2499999999999998,0.28191566968049214,-0.134928259456636,0.0003719918570672295,-0.7966342742910825,-11.691496194949423,0.002669469512492917,-0.28809070199874076,-134.068156756205,0.001992114354057042,0.0,0.0,-8.749794392852602e-05,0.0
1.270833333333333,0.2820840479322026,-0.13492616774509114,0.0003719918570672295,-0.8010628201974643,-11.698938155037535,0.0026677567087360168,-0.28431002392921634,-134.12843678494644,0.0019921143540570425,0.0,0.0,-8.726380163997811e-05,0.0
1.2916666666666663,0.2822511884301821,-0.13492406283921174,0.0003719918570672295,-0.8054263345028257,-11.706330020132913,0.0026660553530287365,-0.28058961496425555,-134.1883016237402,0.001992114354057043,0.0,0.0,-8.702881882434487e-05,0.0
1.3124999999999996,0.2824170974368053,-0.13492194464229645,0.00037199185706722953,-0.8097258065279351,-11.713672051785785,0.0026643653809124146,-0.2769285098787273,-134.24775342216873,0.001992114354057043,0.0,0.0,-8.679299523620874e-05,0.0
1.3333333333333328,0.28258178119181654,-0.1349198130568719,0.0003719918570672295,-0.8139622104395802,-11.720964510508395,0.002662686728118165,-0.2733257585144961,-134.30679432148224,0.0019921143540570425,0.0,0.0,-8.655633068279921e-05,0.0
1.354166666666666,0.28274524591236305,-0.13491766798468538,0.0003719918570672295,-0.8181365054773875,-11.7282076557745,0.002661019330558586,-0.26978042555360876,-134.36542645459957,0.0019921143540570425,0.0,0.0,-8.631882502477867e-05,0.0
1.3749999999999993,0.2829074977930165,-0.13491550932669827,0.0003719918570672295,-0.8222496361773582,-11.735401746018947,0.0026593631243369367,-0.2662915902948715,-134.4236519461074,0.001992114354057043,0.0,0.0,-8.60804781770317e-05,0.0
1.3958333333333326,0.28306854300579365,-0.1349133369830789,0.0003719918570672295,-0.826302532592103,-11.742547038637284,0.0026577180457471408,-0.26285834643373585,-134.4814729122592,0.0019921143540570425,0.0,0.0,-8.584129010945864e-05,0.0
1.4166666666666659,0.28322838770019654,-0.13491115085319524,0.00037199185706722953,-0.830296110507893,-11.749643789985434,0.0026560840312583878,-0.2594798018452425,-134.53889146097748,0.0019921143540570425,0.0,0.0,-8.560126084777168e-05,0.0
1.4374999999999991,0.28338703800321946,-0.13490895083560805,0.00037199185706722953,-0.8342312716585322,-11.756692255379438,0.0026544610175388192,-0.25615507837043466,-134.59590969185228,0.0019921143540570425,0.0,0.0,-8.536039047429634e-05,0.0
1.4583333333333324,0.2835445000193946,-0.1349067368280632,0.0003719918570672295,-0.838108903936113,-11.763692689095297,0.002652848941427403,-0.25288331160561767,-134.65252969614554,0.0019921143540570425,0.0,0.0,-8.511867912877521e-05,0.0
1.4791666666666656,0.2837007798308242,-0.13490450872748463,0.00037199185706722953,-0.8419298815987053,-11.770645344368823,0.0026512477399582104,-0.24966365069472948,-134.70875355679055,0.001992114354057043,0.0,0.0,-8.48761270091759e-05,0.0
1.499999999999999,0.2838558834972089,-0.13490226642996653,0.00037199185706722953,-0.8456950654750175,-11.777550473395646,0.002649657350344133,-0.24649525812494408,-134.76458334839768,0.0019921143540570425,0.0,0.0,-8.463273437250314e-05,0.0
1.5208333333333321,0.28400981705588335,-0.13490000983076614,0.00037199185706722953,-0.8494053031660765,-11.78440832733122,0.0026480777099804342,-0.24337730952506306,-134.82002113725537,0.0019921143540570425,0.0,0.0,-8.438850153561426e-05,0.0
1.5416666666666654,0.28416258652744947,-0.13489773882437298,0.00037199185706722953,-0.8530614293613444,-11.791219156508962,0.002646508756395901,-0.24030899337105177,-134.87506898316116,0.001992114354057042,0.0,0.0,-8.414342888436086e-05,0.0
1.5624999999999987,0.28431419791608753,-0.13489545330450983,0.0003719918570672295,-0.856664266035239,-11.797983210450504,0.0026449504272454405,-0.23728951079071192,-134.92972893951097,0.001992114354057042,0.0,0.0,-8.389751687522464e-05,0.0
1.583333333333332,0.2844646572031424,-0.13489315316403888,0.00037199185706722953,-0.8602146225015488,-11.804700737613683,0.002643402660369887,-0.23431807548465014,-134.98400305119446,0.001992114354057042,0.0,0.0,-8.365076602676009e-05,0.0
1.6041666666666652,0.2846139703471914,-0.1348908382949536,0.0003719918570672295,-0.8637132956047909,-11.811371985393823,0.0026418653938016234,-0.231393913535126,-135.03789335460803,0.0019921143540570416,0.0,0.0,-8.340317692042796e-05,0.0
1.6249999999999984,0.28476214328411953,-0.1348885085883711,0.00037199185706722953,-0.8671610699088511,-11.817997200125252,0.0026403385657483014,-0.22851626321770507,-135.09140187767176,0.0019921143540570416,0.0,0.0,-8.315475020143863e-05,0.0
1.6458333333333317,0.2849091819271888,-0.1348861639345239,0.00037199185706722953,-0.870558717882784,-11.824576627082852,0.0026388221146073456,-0.22568437481577122,-135.14453063984442,0.001992114354057042,0.0,0.0,-8.29054865795982e-05,0.0
1.666666666666665,0.28505509216711644,-0.13488380422275206,0.00037199185706722953,-0.8739070000838901,-11.831110510483622,0.002637315978957074,-0.22289751043766917,-135.19728165213974,0.0019921143540570416,0.0,0.0,-8.265538683015695e-05,0.0
1.6874999999999982,0.2851998798721462,-0.1348814293414946,0.0003719918570672295,-0.8772066653380427,-11.837599093488343,0.002635820097559064,-0.22015494383674666,-135.24965691714345,0.0019921143540570416,0.0,0.0,-8.240445179466104e-05,0.0
1.7083333333333315,0.28534355088813024,-0.13487903917828167,0.00037199185706722953,-0.8804584509173499,-11.844042618203204,0.00263433440934957,-0.21745596023395367,-135.30165842903048,0.0019921143540570416,0.0,0.0,-8.215268238180642e-05,0.0
1.7291666666666647,0.28548611103860627,-0.13487663361972582,0.00037199185706722953,-0.8836630827151873,-11.850441325681565,0.002632858853449882,-0.2147998561430766,-135.35328817358246,0.001992114354057042,0.0,0.0,-8.190007956829512e-05,0.0
1.749999999999998,0.2856275661248753,-0.13487421255151363,0.00037199185706722953,-0.8868212754186086,-11.856795455925699,0.0026313933691562616,-0.21218593919868456,-135.4045481282046,0.0019921143540570416,0.0,0.0,-8.164664439969446e-05,0.0
1.7708333333333313,0.2857679219260822,-0.134871775858397,0.00037199185706722953,-0.8899337326782215,-11.863105247888615,0.0026299378959461586,-0.20961352798655014,-135.45544026194548,0.0019921143540570416,0.0,0.0,-8.139237799129841e-05,0.0
1.7916666666666645,0.2859071841992975,-0.13486932342418448,0.00037199185706722953,-0.8930011472755294,-11.869370939475932,0.0026284923734660737,-0.20708195187664308,-135.5059665355144,0.0019921143540570416,0.0,0.0,-8.113728152899119e-05,0.0
1.8124999999999978,0.28604535867960973,-0.1348668551317326,0.00037199185706722953,-0.8960242012877915,-11.875592767547815,0.0026270567415410304,-0.20459055085850295,-135.5561289013024,0.001992114354057041,0.0,0.0,-8.088135627011318e-05,0.0
1.833333333333331,0.2861824510801923,-0.1348643708629368,0.00037199185706722953,-0.8990035662504369,-11.881770967920957,0.002625630940171616,-0.20213867537931013,-135.6059293033993,0.001992114354057041,0.0,0.0,-8.06246035443288e-05,0.0
1.8541666666666643,0.28631846709241077,-0.13486187049872234,0.0003719918570672295,-0.901939903317067,-11.887905775370623,0.002624214909524506,-0.19972568618403266,-135.65536967761636,0.001992114354057041,0.0,0.0,-8.036702475449679e-05,0.0
1.8749999999999976,0.28645341238589767,-0.13485935391903534,0.0003719918570672295,-0.9048338634170844,-11.89399742363275,0.002622808589946679,-0.19735095415829712,-135.70445195150648,0.0019921143540570408,0.0,0.0,-8.010862137754181e-05,0.0
1.8958333333333308,0.28658729260864474,-0.13485682100283347,0.00037199185706722953,-0.9076860874109723,-11.900046145406122,0.002621411921945871,-0.19501386017334948,-135.75317804438373,0.0019921143540570408,0.0,0.0,-7.984939496532835e-05,0.0
1.916666666666664,0.28672011338709513,-0.1348542716280765,0.00037199185706722953,-0.910497206243274,-11.906052172354574,0.002620024846201533,-0.1927137949334805,-135.80154986734672,0.0019921143540570408,0.0,0.0,-7.958934714553569e-05,0.0
1.9374999999999973,0.2868518803262355,-0.1348517056717171,0.0003719918570672295,-0.9132678410933002,-11.9120157351093,0.002618647303561872,-0.1904501588256721,-135.8495693233003,0.0019921143540570408,0.0,0.0,-7.932847962253517e-05,0.0
1.9583333333333306,0.2869825990096952,-0.13484912300969087,0.00037199185706722953,-0.9159986035235842,-11.917937063271168,0.0026172792350429575,-0.18822236177142815,-135.89723830697866,0.0019921143540570403,0.0,0.0,-7.906679417826809e-05,0.0
1.9791666666666639,0.28711227499982916,-0.134846523516907,0.00037199185706722953,-0.9186900956261402,-11.92381638541318,0.002615920581818069,-0.18602982308104693,-135.94455870496753,0.0019921143540570403,0.0,0.0,-7.880429267312553e-05,0.0
1.9999999999999971,0.28724091383783457,-0.13484390706723837,0.00037199185706722953,-0.921342910166535,-11.929653929082882,0.0026145712852316074,-0.18387197130968216,-135.99153239572865,0.0019921143540570403,0.0,0.0,-7.854097704682802e-05,0.0
2.0208333333333304,0.2873685210438266,-0.1348412735335115,0.00037199185706722953,-0.9239576307258232,-11.935449920804952,0.002613231286786366,-0.18174824411607418,-136.03816124962384,0.00199211435405704,0.0,0.0,-7.827684931930788e-05,0.0
2.041666666666664,0.28749510211695894,-0.1348386227874967,0.00037199185706722953,-0.9265348318403576,-11.94120458608375,0.002611900528147378,-0.17965808812290276,-136.08444712894033,0.00199211435405704,0.0,0.0,-7.801191159159082e-05,0.0
2.0624999999999973,0.287620662535514,-0.13483595469989776,0.0003719918570672295,-0.929075079139517,-11.946918149405999,0.0026105789511362922,-0.17760095877951937,-136.13039188791421,0.0019921143540570395,0.0,0.0,-7.774616604667895e-05,0.0
2.083333333333331,0.28774520775701046,-0.13483326914034174,0.00037199185706722953,-0.9315789294813871,-11.95259083424352,0.0026092664977364066,-0.1755763202267303,-136.1759973727593,0.0019921143540570395,0.0,0.0,-7.747961495043367e-05,0.0
2.1041666666666643,0.2878687432183081,-0.1348305659773687,0.00037199185706722953,-0.9340469310864077,-11.958222863055973,0.002607963110080528,-0.17358364516343147,-136.22126542169036,0.001992114354057039,0.0,0.0,-7.721226065245918e-05,0.0
2.124999999999998,0.2879912743357117,-0.1348278450784209,0.00037199185706722953,-0.9364796236690155,-11.963814457293743,0.0026066687304672578,-0.1716224147154785,-136.26619786495138,0.001992114354057039,0.0,0.0,-7.694410558698595e-05,0.0
2.1458333333333313,0.28811280650508336,-0.13482510630983238,0.00037199185706722953,-0.9388775385673374,-11.969365837400819,0.0026053833013396734,-0.16969211830634895,-136.31079652484343,0.001992114354057038,0.0,0.0,-7.667515227375362e-05,0.0
2.1666666666666647,0.2882333451019433,-0.13482234953681813,0.00037199185706722953,-0.9412411988709277,-11.974877222817767,0.002604106765294212,-0.16779225352988503,-136.3550632157506,0.001992114354057038,0.0,0.0,-7.640540331889401e-05,0.0
2.1874999999999982,0.2883528954815928,-0.1348195746234631,0.0003719918570672295,-0.9435711195465925,-11.98034883198476,0.002602839065081556,-0.1659223260248094,-136.3989997441708,0.0019921143540570377,0.0,0.0,-7.613486141581311e-05,0.0
2.2083333333333317,0.28847146297921883,-0.13481678143271134,0.00037199185706722953,-0.9458678075623413,-11.985780882344663,0.002601580143600716,-0.16408184935123846,-136.4426079087425,0.0019921143540570373,0.0,0.0,-7.58635293460729e-05,0.0
2.229166666666665,0.2885890529100012,-0.13481396982635466,0.00037199185706722953,-0.9481317620094575,-11.991173590346172,0.0026003299438910332,-0.16227034486913225,-136.4858895002741,0.001992114354057037,0.0,0.0,-7.55914099802715e-05,0.0
2.2499999999999987,0.28870567056924473,-0.13481113966502145,0.00037199185706722953,-0.950363474222756,-11.996527171447031,0.0025990884091493527,-0.16048734161834244,-136.52884630177638,0.0019921143540570364,0.0,0.0,-7.53185062789222e-05,0.0
2.270833333333332,0.288821321232477,-0.1348082908081652,0.0003719918570672295,-0.9525634278990186,-12.001841840117283,0.002597855482704562,-0.158732376200705,-136.57148008848796,0.001992114354057036,0.0,0.0,-7.504482129333123e-05,0.0
2.2916666666666656,0.288936010155578,-0.13480542311405294,0.00037199185706722953,-0.9547320992136601,-12.007117809842601,0.002596631108041573,-0.1570049926638328,-136.6137926279111,0.0019921143540570356,0.0,0.0,-7.477035816647364e-05,0.0
2.312499999999999,0.28904974257489374,-0.13480253643975368,0.0003719918570672295,-0.956869956935624,-12.012355293127662,0.002595415228772898,-0.15530474238661351,-136.65578567983877,0.0019921143540570347,0.0,0.0,-7.449512013386726e-05,0.0
2.3333333333333326,0.28916252370735696,-0.13479963064112624,0.0003719918570672295,-0.9589774625405552,-12.017554501499585,0.002594207788659967,-0.1536311839665938,-136.6974609963893,0.0019921143540570342,0.0,0.0,-7.421911052444425e-05,0.0
2.354166666666666,0.289274358750611,-0.13479670557280748,0.0003719918570672295,-0.9610550703222615,-12.022715645511404,0.0025930087315983266,-0.15198388310885239,-136.73882032203608,0.0019921143540570334,0.0,0.0,-7.394233276142061e-05,0.0
2.3749999999999996,0.28938525288312467,-0.1347937610882003,0.00037199185706722953,-0.963103227502496,-12.027838934745642,0.002591818001617637,-0.15036241251685745,-136.77986539364167,0.001992114354057033,0.0,0.0,-7.366479036316214e-05,0.0
2.395833333333333,0.28949521126433064,-0.13479079703946092,0.0003719918570672295,-0.9651223743390681,-12.03292457781788,0.002590635542888483,-0.14876635178464653,-136.82059794049067,0.001992114354057032,0.0,0.0,-7.338648694404808e-05,0.0
2.4166666666666665,0.28960423903472965,-0.13478781327748707,0.00037199185706722953,-0.9671129442323289,-12.037972782380418,0.0025894612997087543,-0.14719528729098602,-136.86101968432115,0.0019921143540570316,0.0,0.0,-7.31074262153317e-05,0.0
2.4375,0.28971234131603507,-0.1347848096519048,0.00037199185706722953,-0.9690753638300413,-12.042983755125995,0.0025882952165051285,-0.14564881209488642,-136.90113233936157,0.0019921143540570308,0.0,0.0,-7.282761198599573e-05,0.0
2.4583333333333335,0.28981952321129023,-0.1347817860110562,0.0003719918570672296,-0.9710100531306464,-12.047957701791521,0.002587137237839876,-0.14412652583280783,-136.94093761236158,0.00199211435405703,0.0,0.0,-7.254704816360598e-05,0.0
2.479166666666667,0.2899257898049943,-0.13477874220198618,0.00037199185706722953,-0.972917425584977,-12.052894827161907,0.0025859873084019824,-0.1426280346175648,-136.98043720262956,0.001992114354057029,0.0,0.0,-7.22657387551591e-05,0.0
2.5000000000000004,0.2900311461632402,-0.13477567807042978,0.00037199185706722953,-0.9747978881964161,-12.057795335073894,0.0025848453729994483,-0.1411529509385215,-137.01963280206556,0.0019921143540570277,0.0,0.0,-7.198368786792684e-05,0.0
2.520833333333334,0.2901355973338376,-0.1347725934607987,0.00037199185706722953,-0.9766518416195284,-12.062659428419984,0.002583711376573502,-0.13970089356352966,-137.05852609519806,0.001992114354057027,0.0,0.0,-7.170089971029507e-05,0.0
2.5416666666666674,0.2902391483464436,-0.13476948821616797,0.00037199185706722953,-0.978479680257191,-12.067487309152373,0.002582585264180537,-0.13827148744230044,-137.0971187592185,0.0019921143540570256,0.0,0.0,-7.141737859259751e-05,0.0
2.562500000000001,0.2903418042126987,-0.1347663621782626,0.00037199185706722953,-0.980281792356234,-12.072279178286973,0.0025814669810004056,-0.13686436361126225,-137.13541246401837,0.0019921143540570243,0.0,0.0,-7.113312892794488e-05,0.0
2.5833333333333344,0.29044356992635445,-0.13476321518744377,0.00037199185706722953,-0.9820585601016318,-12.077035235907427,0.002580356472328127,-0.13547915909986935,-137.17340887222468,0.001992114354057023,0.0,0.0,-7.084815523304712e-05,0.0
2.604166666666668,0.29054445046341437,-0.13476004708269484,0.00037199185706722953,-0.9838103597092341,-12.081755681169245,0.002579253683582472,-0.134115516838363,-137.21110963923806,0.0019921143540570212,0.0,0.0,-7.056246212903013e-05,0.0
2.6250000000000013,0.29064445078225737,-0.13475685770160764,0.00037199185706722953,-0.9855375615170897,-12.086440712303894,0.002578158560289978,-0.13277308556706438,-137.24851641326893,0.00199211435405702,0.0,0.0,-7.027605434224596e-05,0.0
2.645833333333335,0.29074357582378224,-0.13475364688036803,0.00037199185706722953,-0.9872405300753556,-12.091090526623024,0.002577071048093534,-0.13145151974685407,-137.28563083537503,0.001992114354057018,0.0,0.0,-6.998893670507666e-05,0.0
2.6666666666666683,0.2908418305115366,-0.13475041445374153,0.0003719918570672295,-0.9889196242348367,-12.09570532052265,0.002575991092744682,-0.13015047947125455,-137.3224545394999,0.0019921143540570165,0.0,0.0,-6.970111415672958e-05,0.0
2.6875000000000018,0.2909392197518605,-0.13474716025505906,0.0003719918570672295,-0.9905751972341423,-12.100285289487445,0.0025749186401050985,-0.1288696303796995,-137.3589891525098,0.0019921143540570143,0.0,0.0,-6.941259174402676e-05,0.0
2.7083333333333353,0.291035748434016,-0.1347438841162017,0.00037199185706722953,-0.9922075967855134,-12.104830628095034,0.002573853636149851,-0.12760864357234813,-137.39523629423385,0.0019921143540570126,0.0,0.0,-6.912337462218566e-05,0.0
2.7291666666666687,0.29113142143032666,-0.1347405858675863,0.00037199185706722953,-0.9938171651593184,-12.109341530020341,0.002572796026946378,-0.12636719552606562,-137.43119757750128,0.0019921143540570104,0.0,0.0,-6.883346805559067e-05,0.0
2.750000000000002,0.2912262435963209,-0.13473726533815003,0.00037199185706722953,-0.9954042392672346,-12.113818188039971,0.002571745758676691,-0.12514496801171626,-137.46687460818086,0.001992114354057008,0.0,0.0,-6.854287741855869e-05,0.0
2.7708333333333357,0.29132021977086114,-0.13473392235533524,0.00037199185706722953,-0.996969150744147,-12.118260794036644,0.0025707027776202076,-0.12394164801292497,-137.50226898522055,0.001992114354057005,0.0,0.0,-6.825160819609235e-05,0.0
2.791666666666669,0.291413354776295,-0.13473055674507392,0.00037199185706722953,-0.9985122260287637,-12.122669539003624,0.00256966703015434,-0.1227569276458437,-137.53738230068652,0.0019921143540570026,0.0,0.0,-6.795966598462589e-05,0.0
2.8125000000000027,0.29150565341858303,-0.13472716833177215,0.00037199185706722953,-1.0000337864429885,-12.127044613049268,0.0025686384627559753,-0.12159050408046228,-137.57221613980363,0.001992114354057,0.0,0.0,-6.76670564927606e-05,0.0
2.833333333333336,0.291597120487446,-0.1347237569382941,0.0003719918570672295,-1.0015341482700426,-12.131386205401494,0.0025676170219982217,-0.12044207946291241,-137.60677208099432,0.001992114354056997,0.0,0.0,-6.737378554199015e-05,0.0
2.8541666666666696,0.2916877607565037,-0.134720322385946,0.0003719918570672295,-1.0030136228313726,-12.135694504412392,0.0025666026545447806,-0.11931136083918033,-137.6410516959207,0.0019921143540569935,0.0,0.0,-6.707985906741486e-05,0.0
2.875000000000003,0.29177757898341233,-0.13471686449445994,0.00037199185706722953,-1.0044725165623485,-12.139969697562801,0.002565595307154093,-0.11819806007991061,-137.6750565495232,0.00199211435405699,0.0,0.0,-6.678528311844503e-05,0.0
2.8958333333333366,0.29186657991001086,-0.13471338308197728,0.0003719918570672295,-1.0059111310867712,-12.144211971466937,0.002564594926672233,-0.1171018938064242,-137.70878820006223,0.001992114354056986,0.0,0.0,-6.649006385949307e-05,0.0
2.91666666666667,0.29195476826245786,-0.13470987796503212,0.00037199185706722953,-1.0073297632902158,-12.148421511877075,0.002563601460029948,-0.11602258331796717,-137.74224819915958,0.0019921143540569818,0.0,0.0,-6.61942075706534e-05,0.0
2.9375000000000036,0.2920421487513749,-0.13470634895853423,0.00037199185706722953,-1.008728705392206,-12.15259850368821,0.0025626148542497638,-0.11495985452003026,-137.77543809183823,0.001992114354056978,0.0,0.0,-6.589772064837001e-05,0.0
2.958333333333337,0.29212872607198875,-0.13470279587575212,0.00037199185706722953,-1.010108245017251,-12.156743130942797,0.0025616350564329573,-0.1139134378538959,-137.80835941656582,0.0019921143540569727,0.0,0.0,-6.560060960609043e-05,0.0
2.9791666666666705,0.2922145049042674,-0.13469921852829564,0.00037199185706722953,-1.011468665264756,-12.160855576835498,0.0025606620137622236,-0.11288306822726715,-137.84101370529334,0.0019921143540569675,0.0,0.0,-6.530288107490819e-05,0.0
3.000000000000004,0.2922994899130704,-0.13469561672609834,0.00037199185706722953,-1.0128102447778244,-12.164936023717953,0.0025596956735007836,-0.11186848494595299,-137.873402483499,0.0019921143540569623,0.0,0.0,-6.500454180418911e-05,0.0
3.0208333333333375,0.29238368574828466,-0.1346919902773999,0.00037199185706722953,-1.014133257810953,-12.168984653103589,0.002558735982989132,-0.11086943164681964,-137.90552727023012,0.001992114354056956,0.0,0.0,-6.470559866218559e-05,0.0
3.041666666666671,0.2924670970449683,-0.134688338988728,0.0003719918570672295,-1.0154379742966502,-12.173001645672443,0.0025577828896417762,-0.10988565623160912,-137.93738957814338,0.00199211435405695,0.0,0.0,-6.440605863663509e-05,0.0
3.0625000000000044,0.29254972842348714,-0.1346846626648801,0.00037199185706722953,-1.0167246599109858,-12.176987181276012,0.0025568363409442796,-0.10891691080205695,-137.96899091354845,0.001992114354056943,0.0,0.0,-6.410592883534304e-05,0.0
3.083333333333338,0.2926315844896713,-0.1346809611089051,0.00037199185706722953,-1.0179935761380843,-12.180941438942131,0.0025558962844615487,-0.10796295159575812,-138.00033277645062,0.001992114354056936,0.0,0.0,-6.380521648675093e-05,0.0
3.1041666666666714,0.2927126698349301,-0.13467723412208443,0.00037199185706722953,-1.0192449803335717,-12.18486459687988,0.0025549626678135575,-0.1070235389235342,-138.03141666059125,0.001992114354056928,0.0,0.0,-6.350392894048796e-05,0.0
3.125000000000005,0.2927929890364196,-0.13467348150391334,0.0003719918570672295,-1.0204791257870038,-12.1887568324845,0.0025540354386972552,-0.1060984371072711,-138.0622440534919,0.0019921143540569198,0.0,0.0,-6.320207366790557e-05,0.0
3.1458333333333384,0.2928725466571717,-0.1346697030520815,0.00037199185706722953,-1.0216962617832683,-12.19261832234232,0.002553114544870579,-0.10518741441922384,-138.0928164364974,0.001992114354056911,0.0,0.0,-6.289965826259546e-05,0.0
3.166666666666672,0.2929513472462328,-0.13466589856245387,0.00037199185706722953,-1.022896633662992,-12.196449242235733,0.002552199934154823,-0.10429024302209258,-138.1231352848165,0.0019921143540569015,0.0,0.0,-6.259669044088995e-05,0.0
3.1875000000000053,0.29302939533880573,-0.13466206782905063,0.00037199185706722953,-1.0240804828819519,-12.200249767148165,0.0025512915544281256,-0.10340669891019745,-138.1532020675664,0.001992114354056891,0.0,0.0,-6.229317804234342e-05,0.0
3.208333333333339,0.29310669545639295,-0.13465821064402755,0.00037199185706722953,-1.025248047069513,-12.204020071269078,0.00255038935363198,-0.10253656185152696,-138.18301824781534,0.00199211435405688,0.0,0.0,-6.19891290301957e-05,0.0
3.2291666666666723,0.2931832521069353,-0.13465432679765563,0.00037199185706722953,-1.0263995600860971,-12.20776032799898,0.002549493279758804,-0.1016796153308018,-138.21258528262499,0.0019921143540568686,0.0,0.0,-6.168455149181555e-05,0.0
3.2500000000000058,0.2932590697849472,-0.13465041607830072,0.00037199185706722953,-1.0275352520796956,-12.211470709954447,0.002548603280859041,-0.10083564649353559,-138.24190462309386,0.0019921143540568556,0.0,0.0,-6.137945363912607e-05,0.0
3.2708333333333393,0.2933341529716537,-0.13464647827240278,0.00037199185706722953,-1.0286553495414414,-12.21515138897318,0.002547719305031393,-0.10000444609101303,-138.27097771439975,0.001992114354056842,0.0,0.0,-6.107384380900789e-05,0.0
3.2916666666666727,0.29340850613513464,-0.13464251316445477,0.00037199185706722953,-1.0297600753602514,-12.218802536119046,0.002546841300425484,-0.09918580842612032,-138.29980599584374,0.0019921143540568274,0.0,0.0,-6.0767730463681556e-05,0.0
3.312500000000006,0.2934821337304633,-0.13463852053698147,0.0003719918570672296,-1.0308496488765404,-12.222424321687168,0.0025459692152353477,-0.09837953130013556,-138.32839090089266,0.0019921143540568113,0.0,0.0,-6.0461122191070985e-05,0.0
3.3333333333333397,0.29355504019983,-0.13463450017051792,0.00037199185706722953,-1.0319242859350288,-12.226016915208984,0.0025451029977026827,-0.0975854159606047,-138.35673385722254,0.001992114354056795,0.0,0.0,-6.015402770514169e-05,0.0
3.354166666666673,0.29362722997269297,-0.13463045184358755,0.00037199185706722953,-1.0329841989366477,-12.229580485457344,0.002544242596115668,-0.0968032670497173,-138.3848362867603,0.0019921143540567766,0.0,0.0,-5.984645584621902e-05,0.0
3.3750000000000067,0.2936987074659019,-0.13462637533268,0.00037199185706722953,-1.0340295968895565,-12.233115200451632,0.002543387958792979,-0.0960328925540565,-138.41269960572896,0.001992114354056757,0.0,0.0,-5.953841558128253e-05,0.0
3.39583333333334,0.2937694770838413,-0.13462227041222877,0.00037199185706722953,-1.0350606854592772,-12.236621227462848,0.002542539034098882,-0.09527410375479153,-138.4403252246896,0.0019921143540567363,0.0,0.0,-5.9229916004236056e-05,0.0
3.4166666666666736,0.2938395432185579,-0.13461813685458843,0.0003719918570672295,-1.0360776670179537,-12.240098733018744,0.0025416957704358367,-0.09452671517903749,-138.46771454858447,0.0019921143540567138,0.0,0.0,-5.8920966336155516e-05,0.0
3.437500000000007,0.29390891024989785,-0.13461397443001166,0.00037199185706722953,-1.0370807406927547,-12.243547882908945,0.0025408581162347232,-0.09379054455187087,-138.4948689767794,0.00199211435405669,0.0,0.0,-5.861157592550966e-05,0.0
3.4583333333333406,0.29397758254562867,-0.13460978290662576,0.0003719918570672295,-1.0380701024134198,-12.246968842190086,0.0025400260199604694,-0.09306541274946792,-138.52178990310767,0.0019921143540566643,0.0,0.0,-5.83017542483575e-05,0.0
3.479166666666674,0.29404556446158053,-0.1346055620504091,0.00037199185706722953,-1.0390459449589595,-12.250361775190925,0.0025391994301055356,-0.09235114375269889,-138.54847871591275,0.0019921143540566366,0.0,0.0,-5.7991510908518455e-05,0.0
3.5000000000000075,0.2941128603417769,-0.1346013116251673,0.00037199185706722953,-1.0400084580035187,-12.25372684551752,0.0025383782951970226,-0.09164756460183474,-138.57493679809065,0.001992114354056607,0.0,0.0,-5.7680855637717535e-05,0.0
3.520833333333341,0.2941794745185461,-0.13459703139250856,0.00037199185706722953,-1.0409578281614091,-12.257064216058335,0.002537562563776241,-0.09095450535211409,-138.6011655271326,0.0019921143540565754,0.0,0.0,-5.736979829570211e-05,0.0
3.5416666666666745,0.2942454113126736,-0.13459272111181944,0.00037199185706722953,-1.0418942390313217,-12.260374048989409,0.0025367521844191407,-0.09027179902982521,-138.62716627516866,0.0019921143540565407,0.0,0.0,-5.705834887033173e-05,0.0
3.562500000000008,0.2943106750335064,-0.13458838054023953,0.00037199185706722953,-1.0428178712397254,-12.263656505779501,0.0025359471057102567,-0.08959928158957868,-138.65294040900923,0.0019921143540565043,0.0,0.0,-5.674651747763986e-05,0.0
3.5833333333333415,0.2943752699790864,-0.1345840094326365,0.0003719918570672295,-1.0437289024834544,-12.266911747195206,0.002535147276263139,-0.08893679187209108,-138.67848929018697,0.0019921143540564653,0.0,0.0,-5.64343143618666e-05,0.0
3.604166666666675,0.29443920043627836,-0.13457960754158022,0.00037199185706722953,-1.044627507571494,-12.27013993330614,0.0025343526447022904,-0.08828417156289842,-138.70381427500098,0.0019921143540564228,0.0,0.0,-5.612174989546247e-05,0.0
3.6250000000000084,0.29450247068088387,-0.13457517461731683,0.00037199185706722953,-1.0455138584659742,-12.27334122349006,0.0025335631596670183,-0.0876412651518492,-138.7289167145575,0.0019921143540563777,0.0,0.0,-5.58088345790615e-05,0.0
3.645833333333342,0.2945650849777649,-0.13457071040774257,0.0003719918570672295,-1.0463881243223718,-12.276515776438,0.0025327787698069906,-0.0870079198933619,-138.75379795481177,0.001992114354056329,0.0,0.0,-5.549557904142449e-05,0.0
3.6666666666666754,0.294627047580967,-0.13456621465837676,0.00037199185706722953,-1.0472504715289266,-12.279663750159425,0.002531999423784015,-0.08638398576746809,-138.77845933661132,0.0019921143540562766,0.0,0.0,-5.518199403935126e-05,0.0
3.687500000000009,0.29468836273383275,-0.13456168711233493,0.0003719918570672295,-1.048101063745278,-12.282785301987328,0.0025312250702678916,-0.08576931544160331,-138.80290219573598,0.001992114354056221,0.0,0.0,-5.486809045756036e-05,0.0
3.7083333333333424,0.294749034669124,-0.13455712751030144,0.00037199185706722953,-1.0489400619403302,-12.285880588583392,0.00253045565793227,-0.08516376423316495,-138.82712786294078,0.001992114354056161,0.0,0.0,-5.4553879308537106e-05,0.0
3.729166666666676,0.29480906760912373,-0.1345525355905014,0.00037199185706722953,-1.049767624429344,-12.28894976594308,0.0025296911354505034,-0.08456719007300448,-138.851137663996,0.001992114354056096,0.0,0.0,-5.423937173234856e-05,0.0
3.7500000000000093,0.29486846576576337,-0.1345479110886728,0.0003719918570672296,-1.0505839069102605,-12.291992989400761,0.002528931451505715,-0.08397945346938519,-138.87493291972962,0.001992114354056027,0.0,0.0,-5.3924578996425085e-05,0.0
3.770833333333343,0.2949272333407246,-0.13454325373803763,0.0003719918570672295,-1.0513890624992632,-12.295010413634792,0.0025281765547697788,-0.08340041747293327,-138.89851494606677,0.0019921143540559526,0.0,0.0,-5.360951249530841e-05,0.0
3.7916666666666763,0.29498537452555956,-0.13453856326927294,0.00037199185706722953,-1.0521832417655763,-12.29800219267262,0.0025274263939119024,-0.08282994764217197,-138.92188505407208,0.001992114354055873,0.0,0.0,-5.3294183750363404e-05,0.0
3.8125000000000098,0.2950428935017853,-0.13453383941048164,0.0003719918570672295,-1.0529665927655105,-12.300968479895854,0.0025266809176015905,-0.08226791201001783,-138.94504454998915,0.001992114354055787,0.0,0.0,-5.297860440945608e-05,0.0
3.8333333333333433,0.2950997944409977,-0.13452908188716248,0.00037199185706722953,-1.0537392610757401,-12.303909428045351,0.002525940074497098,-0.08171418105083415,-138.96799473528057,0.001992114354055695,0.0,0.0,-5.266278624659566e-05,0.0
3.8541666666666767,0.2951560815049767,-0.13452429042217978,0.00037199185706722953,-1.0545013898258406,-12.306825189226231,0.002525203813245428,-0.08116862764827365,-138.99073690666842,0.001992114354055596,0.0,0.0,-5.234674116153911e-05,0.0
3.87500000000001,0.29521175884578527,-0.13451946473573304,0.0003719918570672295,-1.0552531197300556,-12.309715914912953,0.002524472082480559,-0.08063112706396267,-139.01327235617458,0.0019921143540554908,0.0,0.0,-5.203048117936052e-05,0.0
3.8958333333333437,0.2952668306058677,-0.13451460454532568,0.00037199185706722953,-1.0559945891183207,-12.312581755954305,0.0025237448308222574,-0.08010155690684566,-139.03560237115826,0.0019921143540553767,0.0,0.0,-5.171401844998064e-05,0.0
3.916666666666677,0.29532130091815645,-0.13450970956573352,0.00037199185706722953,-1.0567259339665263,-12.315422862578448,0.0025230220068743017,-0.07957979710327452,-139.05772823435777,0.001992114354055255,0.0,0.0,-5.139736524766043e-05,0.0
3.9375000000000107,0.29537517390615825,-0.13450477950897277,0.00037199185706722953,-1.0574472879260273,-12.31823938439787,0.0025223035592215246,-0.07906572986785594,-139.0796512239267,0.001992114354055124,0.0,0.0,-5.108053397045426e-05,0.0
3.958333333333344,0.2954284536840555,-0.13449981408426778,0.0003719918570672295,-1.0581587823523935,-12.321031470414397,0.002521589436426256,-0.07855923967512934,-139.101372613475,0.001992114354054983,0.0,0.0,-5.076353713962483e-05,0.0
3.9791666666666776,0.2954811443567911,-0.13449481299801805,0.00037199185706722953,-1.058860546333402,-12.323799269024107,0.0025208795870238867,-0.07806021323189792,-139.1228936721054,0.0019921143540548316,0.0,0.0,-5.0446387399017485e-05,0.0
4.000000000000011,0.2955332500201646,-0.1344897759537649,0.00037199185706722953,-1.0595527067162647,-12.326542928022292,0.0025201739595341146,-0.07756853945031839,-139.14421566445225,0.00199211435405467,0.0,0.0,-5.012909751439526e-05,0.0
4.020833333333344,0.29558477476091266,-0.13448470265215764,0.00037199185706722953,-1.0602353881340931,-12.329262594608348,0.0025194725024328215,-0.07708410942182456,-139.1653398507186,0.0019921143540544955,0.0,0.0,-4.981168037273121e-05,0.0
4.041666666666677,0.29563572265680493,-0.1344795927909193,0.00037199185706722953,-1.0609087130315868,-12.331958415390677,0.0025187751641822707,-0.07660681639170369,-139.18626748671474,0.001992114354054309,0.0,0.0,-4.949414898146122e-05,0.0
4.06250000000001,0.2956860977767138,-0.13447444606481174,0.00037199185706722953,-1.0615728016899495,-12.334630536391547,0.0025180818932012037,-0.07613655573449477,-139.20699982389252,0.001992114354054108,0.0,0.0,-4.9176516467693094e-05,0.0
4.083333333333343,0.2957359041807052,-0.13446926216560046,0.00037199185706722953,-1.0622277722510227,-12.337279103051934,0.0025173926378811253,-0.07567322493022971,-139.227538109385,0.001992114354053893,0.0,0.0,-4.885879607737435e-05,0.0
4.104166666666676,0.29578514592010413,-0.1344640407820188,0.00037199185706722953,-1.0628737407406288,-12.339904260236331,0.002516707346568836,-0.0752167235414123,-139.24788358604002,0.001992114354053662,0.0,0.0,-4.85410011744156e-05,0.0
4.125000000000009,0.29583382703758415,-0.1344587815997315,0.00037199185706722953,-1.063510821091115,-12.342506152237561,0.002516025967575016,-0.07476695319066116,-139.2680374924583,0.001992114354053414,0.0,0.0,-4.822314523977213e-05,0.0
4.145833333333342,0.2958819515672331,-0.13445348430129797,0.0003719918570672295,-1.064139125163094,-12.34508492278151,0.002515348449173634,-0.07432381753922315,-139.28800106302614,0.0019921143540531476,0.0,0.0,-4.7905241870479086e-05,0.0
4.166666666666675,0.2959295235346195,-0.13444814856613482,0.00037199185706722953,-1.0647587627663686,-12.347640715031876,0.0025146747395927704,-0.07388722226647858,-139.30777552795277,0.001992114354052862,0.0,0.0,-4.7587304778644505e-05,0.0
4.187500000000008,0.2959765469568639,-0.134442774070478,0.00037199185706722953,-1.065369841680023,-12.350173671594863,0.0025140047870137274,-0.07345707505003066,-139.32736211330393,0.0019921143540525548,0.0,0.0,-4.7269347790395066e-05,0.0
4.208333333333341,0.2960230258427058,-0.13443736048734428,0.00037199185706722953,-1.065972467671681,-12.352683934523853,0.002513338539567774,-0.07303328554659709,-139.34676204103533,0.001992114354052225,0.0,0.0,-4.6951384844778e-05,0.0
4.229166666666674,0.29606896419255996,-0.13443190748649217,0.0003719918570672295,-1.0665667445159046,-12.355171645324063,0.0025126759453435454,-0.07261576537401089,-139.36597652902768,0.0019921143540518717,0.0,0.0,-4.663342999261471e-05,0.0
4.250000000000007,0.29611436599857865,-0.1344264147343824,0.00037199185706722953,-1.067152774011728,-12.357636944957143,0.002512016952369874,-0.07220442809384285,-139.3850067911189,0.001992114354051492,0.0,0.0,-4.631549739531127e-05,0.0
4.27083333333334,0.2961592352447132,-0.13442088189413764,0.00037199185706722953,-1.067730655999305,-12.36007997384575,0.0025113615086302943,-0.07179918919486108,-139.40385403713742,0.0019921143540510837,0.0,0.0,-4.599760132361865e-05,0.0
4.291666666666673,0.296203575906749,-0.13441530862550177,0.0003719918570672295,-1.068300488375652,-12.362500871878083,0.002510709562042616,-0.07139996607779797,-139.42251947293386,0.001992114354050646,0.0,0.0,-4.5679756156347356e-05,0.0
4.312500000000006,0.2962473919523847,-0.13440969458479837,0.0003719918570672295,-1.0688623671094697,-12.3648997784124,0.002510061060469878,-0.07100667804029806,-139.44100430041362,0.0019921143540501765,0.0,0.0,-4.53619763790341e-05,0.0
4.333333333333339,0.2962906873412496,-0.13440403942488888,0.00037199185706722953,-1.0694163862550234,-12.367276832281473,0.002509415951720347,-0.0706192462636495,-139.45930971756803,0.0019921143540496725,0.0,0.0,-4.504427658255992e-05,0.0
4.354166666666672,0.2963334660249706,-0.13439834279512977,0.0003719918570672295,-1.069962637965051,-12.369632171797033,0.002508774183528869,-0.07023759379972493,-139.4774369185047,0.0019921143540491304,0.0,0.0,-4.472667146171937e-05,0.0
4.375000000000005,0.2963757319472074,-0.1343926043413295,0.00037199185706722953,-1.0705012125026814,-12.37196593475414,0.0025081357035752205,-0.06986164555929364,-139.49538709347803,0.0019921143540485493,0.0,0.0,-4.440917581374179e-05,0.0
4.395833333333338,0.296417489043677,-0.13438682370570446,0.0003719918570672295,-1.0710321982523385,-12.374278258435542,0.0025075004594648695,-0.0694913283015153,-139.5131614289192,0.0019921143540479248,0.0,0.0,-4.409180453676229e-05,0.0
4.416666666666671,0.2964587412422135,-0.13438100052683433,0.00037199185706722953,-1.0715556817295897,-12.376569279616003,0.0025068683987393334,-0.06912657062382857,-139.5307611074656,0.001992114354047255,0.0,0.0,-4.377457262824396e-05,0.0
4.437500000000004,0.2964994924627813,-0.13437513443961707,0.0003719918570672295,-1.0720717475899195,-12.37883913456654,0.0025062394688678915,-0.06876730295357056,-139.54818730798883,0.0019921143540465353,0.0,0.0,-4.3457495183348855e-05,0.0
4.4583333333333375,0.29653974661750876,-0.13436922507522286,0.0003719918570672295,-1.0725804786363873,-12.381087959058675,0.0025056136172469934,-0.0684134575403866,-139.56544120562353,0.0019921143540457633,0.0,0.0,-4.314058739325995e-05,0.0
4.4791666666666705,0.2965795076107187,-0.13436327206104742,0.0003719918570672295,-1.0730819558261342,-12.383315888368593,0.002504990791191967,-0.06806496844977736,-139.58252397179535,0.0019921143540449337,0.0,0.0,-4.282386454345153e-05,0.0
4.5000000000000036,0.29661877933894504,-0.13435727502066486,0.0003719918570672295,-1.0735762582756991,-12.385523057281297,0.0025043709379467907,-0.06772177155785132,-139.59943677424636,0.0019921143540440433,0.0,0.0,-4.250734201190932e-05,0.0
4.520833333333337,0.2966575656909574,-0.1343512335737795,0.0003719918570672294,-1.0740634632651038,-12.387709600094677,0.0025037540046781714,-0.06738380454732025,-139.61618077706314,0.0019921143540430875,0.0,0.0,-4.219103526729925e-05,0.0
4.54166666666667,0.2966958705477667,-0.13434514733617728,0.0003719918570672295,-1.074543646240654,-12.38987565062359,0.002503139938458373,-0.06705100690491324,-139.6327571407026,0.0019921143540420614,0.0,0.0,-4.187495986708454e-05,0.0
4.562500000000003,0.2967336977826445,-0.13433901591967606,0.0003719918570672294,-1.0750168808164107,-12.392021342203794,0.0025025286862918605,-0.06672331991974467,-139.6491670220153,0.0019921143540409594,0.0,0.0,-4.155913145559212e-05,0.0
4.583333333333336,0.2967710512611445,-0.13433283893207548,0.0003719918570672294,-1.075483238774285,-12.39414680769596,0.0025019201950886583,-0.0664006866832251,-139.66541157427355,0.001992114354039777,0.0,0.0,-4.124356576202618e-05,0.0
4.604166666666669,0.2968079348410771,-0.13432661597710588,0.0003719918570672295,-1.0759427900626852,-12.396252179489522,0.0025013144116684907,-0.06608305209074065,-139.68149194719197,0.0019921143540385065,0.0,0.0,-4.092827859843074e-05,0.0
4.625000000000002,0.2968443523725398,-0.13432034665437656,0.0003719918570672295,-1.0763956027936612,-12.398337589506536,0.0025007112827681865,-0.06577036284420083,-139.69740928695327,0.001992114354037143,0.0,0.0,-4.061328585759917e-05,0.0
4.645833333333335,0.2968803076979023,-0.13431403055932303,0.0003719918570672295,-1.076841743238482,-12.400403169205479,0.002500110755024506,-0.06546256745662139,-139.7131647362303,0.001992114354035679,0.0,0.0,-4.02986035109325e-05,0.0
4.666666666666668,0.2969158046518064,-0.1343076672831538,0.0003719918570672295,-1.077281275821567,-12.402449049584977,0.0024995127749907198,-0.06515961625801947,-139.72875943420743,0.001992114354034107,0.0,0.0,-3.998424760624434e-05,0.0
4.687500000000001,0.29695084706115255,-0.1343012564127959,0.0003719918570672294,-1.0777142631126995,-12.404475361187494,0.002498917289110262,-0.06486146140343282,-139.74419451660398,0.0019921143540324194,0.0,0.0,-3.9670234265514666e-05,0.0
4.708333333333334,0.29698543874508737,-0.13429479753083987,0.0003719918570672294,-1.0781407658174331,-12.406482234102967,0.002498324243735676,-0.06456805688221949,-139.75947111569252,0.0019921143540306075,0.0,0.0,-3.9356579682589894e-05,0.0
4.729166666666667,0.2970195835149995,-0.13428829021548397,0.0003719918570672294,-1.078560842765608,-12.408469797972373,0.002497733585117956,-0.06427935852953785,-139.77459036032198,0.001992114354028662,0.0,0.0,-3.904330012083123e-05,0.0
4.75,0.29705328517448293,-0.13428173404047705,0.0003719918570672294,-1.0789745508978725,-12.410438181991257,0.002497145259407733,-0.06399532403986205,-139.7895533759346,0.001992114354026573,0.0,0.0,-3.8730411910710324e-05,0.0
4.770833333333333,0.29708654751933067,-0.1342751285750611,0.0003719918570672294,-1.079381945250106,-12.412387514913178,0.0024965592126511282,-0.06371591298227346,-139.80436128458635,0.001992114354024331,0.0,0.0,-3.841793144735265e-05,0.0
4.791666666666666,0.29711937433749136,-0.1342684733839126,0.0003719918570672295,-1.0797830789356389,-12.414317925053115,0.002495975390777616,-0.06344108681839211,-139.81901520496447,0.0019921143540219234,0.0,0.0,-3.8105875188027994e-05,0.0
4.812499999999999,0.2971517694090531,-0.1342617680270829,0.00037199185706722937,-1.0801780031251331,-12.416229540290821,0.0024953937396201553,-0.06317080892213828,-139.83351625240542,0.0019921143540193374,0.0,0.0,-3.779425964958976e-05,0.0
4.833333333333332,0.2971837365061998,-0.13425501205993765,0.00037199185706722937,-1.0805667670240031,-12.418122488074086,0.0024948142048974256,-0.06290504460230498,-139.84786553891,0.0019921143540165623,0.0,0.0,-3.748310140585978e-05,0.0
4.854166666666665,0.29721527939317893,-0.1342482050330957,0.0003719918570672294,-1.080949417847234,-12.419996895421953,0.002494236732207611,-0.06264376112760237,-139.86206417316217,0.001992114354013582,0.0,0.0,-3.717241708496391e-05,0.0
4.874999999999998,0.29724640182626055,-0.13424134649236638,0.00037199185706722937,-1.0813260007914318,-12.421852888927905,0.0024936612670446814,-0.062386927754335804,-139.8761132605425,0.0019921143540103823,0.0,0.0,-3.686222336661371e-05,0.0
4.895833333333331,0.29727710755368336,-0.13423443597868626,0.0003719918570672293,-1.0816965590039593,-12.42369059476292,0.0024930877547773753,-0.06213451575727482,-139.89001390314243,0.001992114354006947,0.0,0.0,-3.655253697933719e-05,0.0
4.916666666666664,0.2973074003156172,-0.13422747302805477,0.00037199185706722926,-1.0820611335489598,-12.425510138678526,0.0024925161406610385,-0.06188649846324364,-139.90376719977988,0.0019921143540032587,0.0,0.0,-3.6243374697657645e-05,0.0
4.937499999999997,0.29733728384409736,-0.13422045717146852,0.0003719918570672293,-1.0824197633700878,-12.427311646009755,0.002491946369820456,-0.06164285128842493,-139.9173742460109,0.001992114353999298,0.0,0.0,-3.593475333922217e-05,0.0
4.95833333333333,0.2973667618629882,-0.13421338793485524,0.0003719918570672293,-1.0827724852497265,-12.429095241678041,0.0024913783872699824,-0.061403551778529596,-139.93083613414254,0.0019921143539950465,0.0,0.0,-3.5626689761877634e-05,0.0
4.979166666666663,0.29739583808788805,-0.13420626483900588,0.00037199185706722926,-1.0831193337644758,-12.43086105019405,0.0024908121378854156,-0.06116857965370152,-139.94415395324467,0.0019921143539904807,0.0,0.0,-3.531920086069845e-05,0.0
4.9999999999999964,0.2974245162261106,-0.13419908739950617,0.00037199185706722915,-1.083460341236653,-12.43260919566045,0.0024902475664226507,-0.06093791685598349,-139.95732878916053,0.0019921143539855793,0.0,0.0,-3.5012303564961365e-05,0.0
5.0208333333333295,0.29745279997657637,-0.1341918551266667,0.00037199185706722915,-1.0837955376815496,-12.434339801774605,0.002489684617505835,-0.06071154760252645,-139.97036172451814,0.0019921143539803165,0.0,0.0,-3.4706014835072626e-05,0.0
5.0416666666666625,0.2974806930297626,-0.13418456752545227,0.00037199185706722915,-1.0841249507501483,-12.4360529918312,0.00248912323562737,-0.060489458442118595,-139.98325383873697,0.001992114353974666,0.0,0.0,-3.440035165944433e-05,0.0
5.062499999999996,0.2975081990676207,-0.1341772240954097,0.0003719918570672291,-1.0844486056669864,-12.437748888724784,0.0024885633651413976,-0.06027163831727865,-139.9960062080399,0.0019921143539685993,0.0,0.0,-3.409533105132287e-05,0.0
5.083333333333329,0.29753532176349823,-0.13416982433059468,0.0003719918570672291,-1.0847665251628262,-12.43942761495228,0.0024880049502697212,-0.06005807863118672,-140.0086199054586,0.0019921143539620855,0.0,0.0,-3.379097004556815e-05,0.0
5.104166666666662,0.29756206478206293,-0.13416236771949744,0.00037199185706722905,-1.0850787294017623,-12.441089292615377,0.0024874479350973644,-0.05984877332012812,-140.0210960008417,0.0019921143539550915,0.0,0.0,-3.348728569538517e-05,0.0
5.124999999999995,0.29758843177919053,-0.13415485374496702,0.000371991857067229,-1.0853852359023555,-12.442734043422888,0.002486892263561913,-0.059643718932449845,-140.0334355608605,0.0019921143539475823,0.0,0.0,-3.3184295069008316e-05,0.0
5.145833333333328,0.29761442640191327,-0.1341472818841346,0.00037199185706722894,-1.0856860594523614,-12.444361988693004,0.002486337879466246,-0.05944291471285874,-140.0456396490149,0.0019921143539395197,0.0,0.0,-3.2882015246338623e-05,0.0
5.166666666666661,0.2976400522882935,-0.13413965160833521,0.00037199185706722883,-1.0859812120165702,-12.4459732493555,0.002485784726459883,-0.05924636269477,-140.05770932563865,0.0019921143539308635,0.0,0.0,-3.258046331553546e-05,0.0
5.187499999999994,0.2976653130673342,-0.1341319623830285,0.0003719918570672288,-1.0862707026372334,-12.447567945953857,0.002485232748052605,-0.05905406779924668,-140.06964564790212,0.0019921143539215693,0.0,0.0,-3.2279656369562516e-05,0.0
5.208333333333327,0.29769021235888127,-0.13412421366771782,0.0003719918570672286,-1.086554537326515,-12.449146198647291,0.002484681887598761,-0.058866037942187414,-140.0814496698158,0.00199211435391159,0.0,0.0,-3.197961150268887e-05,0.0
5.22916666666666,0.2977147537735182,-0.13411640491586838,0.00037199185706722867,-1.0868327189503322,-12.450708127212742,0.002484132088304373,-0.05868228415006468,-140.0931224422335,0.0019921143539008753,0.0,0.0,-3.1680345806946075e-05,0.0
5.249999999999993,0.2977389409124505,-0.13410853557482372,0.0003719918570672285,-1.0871052471029163,-12.452253851046759,0.002483583293217073,-0.058502820685002954,-140.10466501285302,0.001992114353889372,0.0,0.0,-3.138187636854305e-05,0.0
5.270833333333326,0.29776277736739754,-0.13410060508572094,0.0003719918570672284,-1.08737211797134,-12.453783489167321,0.002483035445233502,-0.058327665179744595,-140.116078426217,0.0019921143538770203,0.0,0.0,-3.108422026423748e-05,0.0
5.291666666666659,0.29778626672047365,-0.1340926128834044,0.00037199185706722823,-1.0876333241891976,-12.455297160215572,0.002482488487088356,-0.05815683878358308,-140.12736372371305,0.001992114353863759,0.0,0.0,-3.078739455766613e-05,0.0
5.312499999999992,0.2978094125440688,-0.13408455839633826,0.00037199185706722807,-1.0878888546785415,-12.456794982457485,0.0024819423613534988,-0.05799036631992121,-140.13852194357287,0.0019921143538495214,0.0,0.0,-3.0491416295634703e-05,0.0
5.333333333333325,0.29783221840072616,-0.1340764410465169,0.0003719918570672279,-1.0881386944790958,-12.458277073785442,0.0024813970104441787,-0.05782827645659698,-140.14955412087156,0.001992114353834234,0.0,0.0,-3.0196302504368513e-05,0.0
5.354166666666658,0.29785468784300756,-0.13406826024937482,0.00037199185706722775,-1.0883828245636615,-12.459743551719754,0.002480852376601265,-0.05767060189003875,-140.16046128752296,0.0019921143538178207,0.0,0.0,-2.9902070185723985e-05,0.0
5.374999999999991,0.297876824413376,-0.1340600154136941,0.0003719918570672276,-1.0886212216385263,-12.461194533410058,0.0024803084019016097,-0.05751737954416733,-140.1712444722781,0.001992114353800199,0.0,0.0,-2.9608736313363368e-05,0.0
5.395833333333324,0.29789863164404673,-0.13405170594151067,0.00037199185706722737,-1.0888538579275793,-12.462630135636687,0.002479765028251535,-0.057368650786027695,-140.18190470072125,0.0019921143537812783,0.0,0.0,-2.931631782889143e-05,0.0
5.416666666666657,0.29792011305685606,-0.13404333122801906,0.0003719918570672271,-1.0890807009386771,-12.46405047481192,0.002479222197384464,-0.05722446165874396,-140.19244299526449,0.0019921143537609647,0.0,0.0,-2.902483163795873e-05,0.0
5.43749999999999,0.29794127216312577,-0.13403489066147553,0.0003719918570672269,-1.0893017132106755,-12.465455666981178,0.0024786798508567762,-0.057084863133841666,-140.20286037514197,0.001992114353739154,0.0,0.0,-2.8734294606329078e-05,0.0
5.458333333333323,0.2979621124634998,-0.13402638362309913,0.00037199185706722666,-1.089516852039376,-12.466845827824116,0.002478137930044255,-0.056949911385088044,-140.21315785640365,0.001992114353715737,0.0,0.0,-2.8444723555914545e-05,0.0
5.479166666666656,0.29798263744782455,-0.13401780948697167,0.0003719918570672263,-1.0897260691804307,-12.468221072655648,0.002477596376146529,-0.056819668084519485,-140.22333645190872,0.0019921143536905956,0.0,0.0,-2.8156135260779312e-05,0.0
5.499999999999989,0.29800285059496595,-0.1340091676199356,0.00037199185706722596,-1.0899293105270602,-12.469581516426889,0.0024770551301770047,-0.056694200724642686,-140.23339717131577,0.001992114353663603,0.0,0.0,-2.7868546443111722e-05,0.0
5.520833333333322,0.2980227553726851,-0.13400045738149008,0.00037199185706722547,-1.0901265157601956,-12.470927273726016,0.0024765141329655314,-0.056573582967312956,-140.24334102107696,0.0019921143536346217,0.0,0.0,-2.75819737691686e-05,0.0
5.541666666666655,0.2980423552374525,-0.13399167812368565,0.00037199185706722514,-1.0903176179683909,-12.472258458779024,0.002475973325149816,-0.05645789502349261,-140.25316900442476,0.001992114353603506,0.0,0.0,-2.729643384518999e-05,0.0
5.5624999999999885,0.2980616536343099,-0.13398282919101637,0.00037199185706722466,-1.090502543234562,-12.473575185450446,0.002475432647174832,-0.05634722406572887,-140.26288212136572,0.001992114353570099,0.0,0.0,-2.701194321328913e-05,0.0
5.5833333333333215,0.29808065399669564,-0.13397390992031105,0.00037199185706722406,-1.0906812101862648,-12.47487756724395,0.002474892039297553,-0.05624166467719955,-140.2724813686645,0.0019921143535342324,0.0,0.0,-2.6728518347315614e-05,0.0
5.6041666666666545,0.29809935974627466,-0.13396491964062157,0.0003719918570672235,-1.0908535295058597,-12.476165717302877,0.0024743514415706733,-0.056141319341152705,-140.28196773983646,0.001992114353495725,0.0,0.0,-2.6446175648695943e-05,0.0
5.624999999999988,0.29811777429277964,-0.13395585767311,0.00037199185706722287,-1.0910194033964686,-12.477439748410646,0.002473810793852967,-0.05604629897400919,-140.29134222513224,0.0019921143534543818,0.0,0.0,-2.6164931442253065e-05,0.0
5.645833333333321,0.2981359010338265,-0.13394672333093333,0.00037199185706722216,-1.0911787249991647,-12.478699772991181,0.0024732700357962636,-0.055956723507735756,-140.30060581152526,0.0019921143534099945,0.0,0.0,-2.588480197200366e-05,0.0
5.666666666666654,0.2981537433547481,-0.1339375159191264,0.00037199185706722135,-1.0913313777562692,-12.479945903109133,0.002472729106847519,-0.05587272252570149,-140.30975948269756,0.0019921143533623404,0.0,0.0,-2.5605803396936125e-05,0.0
5.687499999999987,0.2981713046284123,-0.1339282347344826,0.00037199185706722043,-1.0914772347150217,-12.481178250470116,0.002472187946242007,-0.055794435958386124,-140.3188042190238,0.001992114353311177,0.0,0.0,-2.5327951786773724e-05,0.0
5.70833333333332,0.2981885882150356,-0.13391887906543246,0.00037199185706721945,-1.091616157765173,-12.482396926420776,0.002471646493007462,-0.055722014845193096,-140.32774099755704,0.0019921143532562477,0.0,0.0,-2.5051263117718844e-05,0.0
5.729166666666653,0.29820559746201014,-0.1339094481919203,0.00037199185706721837,-1.0917479968032449,-12.483602041948863,0.0024711046859540176,-0.05565562216932315,-140.3365707920115,0.001992114353197276,0.0,0.0,-2.4775753268186714e-05,0.0
5.749999999999986,0.2982223357037126,-0.13389994138527844,0.0003719918570672171,-1.0918725888152674,-12.48479370768316,0.002470562463675089,-0.05559543377434371,-140.34529457274502,0.0019921143531339627,0.0,0.0,-2.4501438014523264e-05,0.0
5.770833333333319,0.29823880626131105,-0.13389035790809928,0.0003719918570672158,-1.0919897568687709,-12.485972033893333,0.002470019764536424,-0.05554163937162494,-140.35391330674187,0.00199211435306599,0.0,0.0,-2.42283330267157e-05,0.0
5.791666666666652,0.29825501244258185,-0.1338806970141049,0.00037199185706721436,-1.0920993090035567,-12.487137130489728,0.0024694765266843888,-0.055494443648643664,-140.3624279575937,0.0019921143529930147,0.0,0.0,-2.395645386409223e-05,0.0
5.812499999999985,0.29827095754170996,-0.1338709579480149,0.00037199185706721273,-1.0922010370094206,-12.488289107023082,0.0024689326880385685,-0.055454067490638956,-140.37083948548002,0.00199211435291467,0.0,0.0,-2.3685815971016643e-05,0.0
5.833333333333318,0.29828664483910144,-0.1338611399454109,0.0003719918570672109,-1.0922947150773477,-12.489428072684095,0.0024683881862781476,-0.055420749328595705,-140.37914884714917,0.0019921143528305596,0.0,0.0,-2.34164346725757e-05,0.0
5.854166666666651,0.298302077601178,-0.13385124223259956,0.00037199185706720893,-1.0923800983088838,-12.490554136303018,0.0024678429588546416,-0.05539474662915612,-140.38735699589625,0.001992114352740261,0.0,0.0,-2.3148325170265635e-05,0.0
5.874999999999984,0.29831725908018003,-0.13384126402647245,0.00037199185706720666,-1.092456921066205,-12.491667406349066,0.002467296942972652,-0.05537633754379387,-140.39546488154224,0.0019921143526433188,0.0,0.0,-2.288150253767697e-05,0.0
5.895833333333317,0.29833219251396637,-0.13383120453436367,0.0003719918570672042,-1.0925248951429318,-12.492767990929803,0.002466750075601709,-0.05536582273720433,-140.40347345041246,0.001992114352539245,0.0,0.0,-2.261598171617889e-05,0.0
5.91666666666665,0.29834688112581703,-0.13382106295390492,0.00037199185706720145,-1.092583707732829,-12.493855997790444,0.002466202293457916,-0.055363527417706455,-140.41138364531315,0.0019921143524275152,0.0,0.0,-2.2351777510608146e-05,0.0
5.937499999999983,0.29836132812421245,-0.1338108384728777,0.0003719918570671984,-1.0926330191701525,-12.494931534313036,0.002465653533013127,-0.055369803596392,-140.41919640550836,0.0019921143523075674,0.0,0.0,-2.2088904584961935e-05,0.0
5.958333333333316,0.2983755367026448,-0.13380053026906283,0.00037199185706719506,-1.0926724604114406,-12.495994707515614,0.002465103730476,-0.05538503260426608,-140.42691266669664,0.001992114352178797,0.0,0.0,-2.1827377458097733e-05,0.0
5.979166666666649,0.2983895100393949,-0.13379013751008756,0.0003719918570671914,-1.0927016302239374,-12.497045624051243,0.002464552821799989,-0.05540962790314754,-140.43453336098406,0.001992114352040557,0.0,0.0,-2.1567210499442135e-05,0.0
5.999999999999982,0.29840325129733797,-0.13377965935326927,0.00037199185706718725,-1.0927200920403621,-12.498084390206987,0.002464000742678311,-0.05544403823004179,-140.4420594168624,0.001992114351892151,0.0,0.0,-2.1308417924711578e-05,0.0
6.020833333333315,0.2984167636237188,-0.1337690949454569,0.00037199185706718275,-1.0927273704333433,-12.499111111902803,0.0024634474285329944,-0.05548875112198527,-140.449491759181,0.001992114351732833,0.0,0.0,-2.105101379164434e-05,0.0
6.041666666666648,0.2984300501499423,-0.13375844342286886,0.0003719918570671777,-1.0927229471552298,-12.50012589469036,0.0024628928145125073,-0.055544296875374814,-140.45683130912,0.0019921143515618015,0.0,0.0,-2.0795011995751004e-05,0.0
6.062499999999981,0.29844311399137385,-0.13374770391092833,0.00037199185706717207,-1.0927062566799968,-12.501128843751776,0.002462336835495016,-0.05561125300311704,-140.46407898416544,0.001992114351378196,0.0,0.0,-2.0540426266079393e-05,0.0
6.083333333333314,0.29845595824711013,-0.13373687552409536,0.0003719918570671659,-1.0926766811732573,-12.502120063898271,0.002461779426073285,-0.05569024926398286,-140.47123569808022,0.0019921143511810943,0.0,0.0,-2.0287270161001206e-05,0.0
6.104166666666647,0.29846858599976656,-0.13372595736569573,0.00037199185706715906,-1.092633544803594,-12.503099659568772,0.002461220520552606,-0.05578197335038423,-140.4783023608762,0.001992114350969504,0.0,0.0,-2.0035557064020116e-05,0.0
6.1249999999999805,0.29848100031526814,-0.1337149485277467,0.0003719918570671514,-1.092576107293117,-12.504067734828407,0.0024606600529469467,-0.055887177336947876,-140.48527987878583,0.0019921143507423637,0.0,0.0,-1.9785300179604014e-05,0.0
6.1458333333333135,0.29849320424263015,-0.13370384809077956,0.000371991857067143,-1.0925035565867358,-12.505024393366956,0.002460097956987243,-0.05600668501037407,-140.49216915423253,0.001992114350498531,0.0,0.0,-1.953651252904403e-05,0.0
6.1666666666666465,0.2985052008137393,-0.13369265512365858,0.0003719918570671337,-1.0924150004974023,-12.505969738497207,0.0024595341660811343,-0.056141400223566014,-140.49897108580325,0.001992114350236781,0.0,0.0,-1.928920694634218e-05,0.0
6.18749999999998,0.2985169930431397,-0.13368136868339658,0.0003719918570671233,-1.0923094571576555,-12.506903873153266,0.002458968613349081,-0.056292316442947715,-140.50568656821488,0.0019921143499557993,0.0,0.0,-1.904339607413015e-05,0.0
6.208333333333313,0.29852858392780796,-0.13366998781496744,0.00037199185706711184,-1.0921858440750367,-12.507826899888752,0.0024584012315920964,-0.05646052769253054,-140.51231649228623,0.001992114349654175,0.0,0.0,-1.8799092359621484e-05,0.0
6.229166666666646,0.2985399764469529,-0.13365851155111427,0.0003719918570670991,-1.0920429655489166,-12.508738920874976,0.0024578319532908566,-0.05664724113593138,-140.51886174490699,0.0019921143493303933,0.0,0.0,-1.8556308050599504e-05,0.0
6.249999999999979,0.29855117356178046,-0.13364693891215448,0.0003719918570670852,-1.091879498157145,-12.509640037899011,0.0024572607106128075,-0.056853791589130585,-140.5253232090055,0.00199211434898283,0.0,0.0,-1.8315055191443226e-05,0.0
6.270833333333312,0.29856217821527964,-0.13363526890578095,0.00037199185706706956,-1.091693973960378,-12.510530352361705,0.0024566874353867028,-0.05708165831519549,-140.53170176351603,0.001992114348609741,0.0,0.0,-1.8075345619193776e-05,0.0
6.291666666666645,0.29857299333201354,-0.13362350052685934,0.00037199185706705227,-1.0914847609968825,-12.51140996527564,0.0024561120591117813,-0.057332484528699615,-140.53799828334982,0.0019921143482092537,0.0,0.0,-1.7837190959663286e-05,0.0
6.312499999999978,0.2985836218178953,-0.1336116327572214,0.0003719918570670331,-1.0912500405471584,-12.512278977263016,0.0024555345129465187,-0.05760810013020636,-140.54421363935955,0.0019921143477793597,0.0,0.0,-1.7600602623589177e-05,0.0
6.333333333333311,0.29859406655997855,-0.13359966456545458,0.00037199185706701194,-1.0909877805307147,-12.513137488553458,0.002454954727699743,-0.0579105483086089,-140.55034869830735,0.001992114347317903,0.0,0.0,-1.7365591802835612e-05,0.0
6.354166666666644,0.29860433042622586,-0.1335875949066871,0.00037199185706698846,-1.090695704249999,-12.51398559898179,0.0024543726338279725,-0.05824211679666474,-140.55640432283224,0.00199211434682257,0.0,0.0,-1.713216946664485e-05,0.0
6.374999999999977,0.29861441626531693,-0.13357542272236922,0.0003719918570669625,-1.090371253509859,-12.514823407985716,0.002453788161427125,-0.058605374750286106,-140.56238137141565,0.0019921143462908767,0.0,0.0,-1.6900346357940695e-05,0.0
6.39583333333331,0.2986243269064234,-0.13356314694005011,0.00037199185706693366,-1.0900115449030865,-12.515651014603467,0.002453201240225115,-0.05900321646240674,-140.56828069834913,0.001992114345720158,0.0,0.0,-1.667013298968646e-05,0.0
6.416666666666643,0.29863406515898294,-0.13355076647315015,0.0003719918570669018,-1.0896133177474645,-12.516468517471363,0.002452611799576232,-0.05943891342519991,-140.57410315369728,0.0019921143451075538,0.0,0.0,-1.6441539641299722e-05,0.0
6.437499999999976,0.29864363381251313,-0.1335382802207291,0.0003719918570668665,-1.089172871765572,-12.517276014821345,0.0024520197684549196,-0.05991617664924871,-140.57984958326753,0.0019921143444499934,0.0,0.0,-1.621457635512622e-05,0.0
6.458333333333309,0.29865303563638446,-0.13352568706724935,0.0003719918570668273,-1.0886859920856564,-12.518073604478445,0.0024514250754427516,-0.06043923166195168,-140.58552082857193,0.001992114343744181,0.0,0.0,-1.5989252932975405e-05,0.0
6.479166666666642,0.29866227337961065,-0.13351298588233465,0.000371991857066784,-1.0881478584691915,-12.51886138385817,0.002450827648726358,-0.061012909279275385,-140.59111772679506,0.001992114342986579,0.0,0.0,-1.5765578932719617e-05,0.0
6.499999999999975,0.2986713497706505,-0.1335001755205242,0.0003719918570667359,-1.0875529347812185,-12.51963944996388,0.0024502274160888384,-0.061642756134415486,-140.596641110757,0.0019921143421733883,0.0,0.0,-1.5543563664959563e-05,0.0
6.520833333333308,0.2986802675171975,-0.1334872548210213,0.0003719918570666827,-1.0868948335330522,-12.520407899384093,0.002449624304903253,-0.06233517013442028,-140.60209180888046,0.0019921143413005322,0.0,0.0,-1.532321618975819e-05,0.0
6.541666666666641,0.2986890293059758,-0.13347422260743777,0.00037199185706662384,-1.0861661487294545,-12.521166828289733,0.002449018242113669,-0.06309756761219042,-140.60747064515314,0.001992114340363631,0.0,0.0,-1.5104545313445261e-05,0.0
6.562499999999974,0.29869763780253344,-0.13346107768753238,0.0003719918570665585,-1.0853582480801194,-12.521916332431339,0.0024484091542422703,-0.06393859111432325,-140.6127784390946,0.0019921143393579832,0.0,0.0,-1.4887559585494937e-05,0.0
6.583333333333307,0.2987060956510556,-0.1334478188529448,0.00037199185706648626,-1.0844610126500167,-12.52265650713624,0.0024477969673707043,-0.0648683697498024,-140.6180160057194,0.001992114338278536,0.0,0.0,-1.467226729547865e-05,0.0
6.60416666666664,0.2987144054741594,-0.13343444487892347,0.0003719918570664062,-1.0834625078736606,-12.523387447305655,0.0024471816071332717,-0.06589884817514713,-140.62318415550337,0.001992114337119861,0.0,0.0,-1.4458676470095368e-05,0.0
6.624999999999973,0.29872256987269263,-0.13342095452404856,0.0003719918570663175,-1.082348564019832,-12.524109247411793,0.002446562998711599,-0.06704420612886783,-140.6282836943447,0.001992114335876124,0.0,0.0,-1.4246794870281544e-05,0.0
6.645833333333306,0.2987305914255544,-0.13340734652994887,0.00037199185706621933,-1.0811022358697797,-12.524822001494872,0.00244594106681717,-0.06832139875251231,-140.63331542353217,0.0019921143345410525,0.0,0.0,-1.4036629988402973e-05,0.0
6.666666666666639,0.29873847268950326,-0.13339361962101318,0.00037199185706611053,-1.0797030993362549,-12.525525803160107,0.0024453157356889577,-0.06975085997089638,-140.6382801397083,0.0019921143331078973,0.0,0.0,-1.3828189045530563e-05,0.0
6.6874999999999725,0.298746216198954,-0.13337977250409558,0.00037199185706599,-1.0781263250784099,-12.526220745574715,0.0024446869290753646,-0.07135742887664145,-140.64317863483254,0.0019921143315693958,0.0,0.0,-1.3621478988802249e-05,0.0
6.7083333333333055,0.29875382446582005,-0.13336580386821484,0.0003719918570658566,-1.0763414427825726,-12.526906921464786,0.0024440545702377747,-0.07317158544837343,-140.6480116961471,0.001992114329917725,0.0,0.0,-1.3416506488873086e-05,0.0
6.7291666666666385,0.29876129997931317,-0.13335171238424753,0.00037199185706570883,-1.0743106696635933,-12.527584423112224,0.002443418581925094,-0.07523112204898877,-140.65278010614196,0.0019921143281444536,0.0,0.0,-1.3213277937455611e-05,0.0
6.749999999999972,0.2987686452057698,-0.13333749670461467,0.00037199185706554517,-1.071986614526373,-12.528253342351572,0.0024427788863696045,-0.07758343936334823,-140.6574846425184,0.001992114326240487,0.0,0.0,-1.3011799444952433e-05,0.0
6.770833333333305,0.2987758625884856,-0.1333231554629623,0.00037199185706536395,-1.0693090701070178,-12.52891377056688,0.002442135405281931,-0.0802887540563688,-140.66212607815473,0.0019921143241960013,0.0,0.0,-1.2812076838183091e-05,0.0
6.791666666666638,0.2987829545475361,-0.13330868727383477,0.0003719918570651632,-1.0662004462722587,-12.529565798688495,0.0024414880598241004,-0.08342466557304674,-140.6667051810716,0.0019921143220003766,0.0,0.0,-1.2614115658207043e-05,0.0
6.812499999999971,0.29878992347961486,-0.13329409073234175,0.0003719918570649409,-1.0625591295728711,-12.530209517189839,0.0024408367706119094,-0.08709279658428867,-140.67122271439544,0.001992114319642114,0.0,0.0,-1.241792115824479e-05,0.0
6.833333333333304,0.2987967727952008,-0.13327936506858065,0.0003719918570646947,-1.0582498510708336,-12.530845043794049,0.002440181473854608,-0.0914284291506168,-140.6756796983122,0.001992114317108749,0.0,0.0,-1.2223506935911903e-05,0.0
6.854166666666637,0.29880350503228414,-0.1332645089940175,0.00037199185706442216,-1.0530882503304022,-12.531472473106298,0.0024395220934512927,-0.09661593347316147,-140.6800769338236,0.001992114314386736,0.0,0.0,-1.203087922203139e-05,0.0
6.87499999999997,0.2988101224125059,-0.13324952101786103,0.00037199185706412026,-1.046817111633223,-12.532091891475417,0.00243885854827545,-0.10291253381856359,-140.68441514321194,0.0019921143114613286,0.0,0.0,-1.1840041506378189e-05,0.0
6.895833333333303,0.298816627113722,-0.13323439961203404,0.00037199185706378595,-1.0390675003509413,-12.532703384259932,0.002438190756133866,-0.11068717319483566,-140.68869503877826,0.0019921143083164376,0.0,0.0,-1.1650996814563847e-05,0.0
6.916666666666636,0.2988230212608481,-0.13321914320316988,0.00037199185706341574,-1.0292925271483992,-12.533307035585128,0.002437518633528294,-0.1204867491131273,-140.6929173205397,0.0019921143049344676,0.0,0.0,-1.1463747631020115e-05,0.0
6.937499999999969,0.29882930691114235,-0.1332037501598899,0.00037199185706300586,-1.016649049263051,-12.53390292795256,0.0024368420953049252,-0.1331544122517377,-140.6970826725257,0.001992114301296117,0.0,0.0,-1.1278295775093128e-05,0.0
6.958333333333302,0.29883548602932414,-0.13318821877146436,0.0003719918570625519,-0.9997739610147527,-12.534491141580013,0.0024361610540231857,-0.15005327585038897,-140.70119175651746,0.001992114297380157,0.0,0.0,-1.109464219115985e-05,0.0
6.979166666666635,0.2988415604428269,-0.1331725472096906,0.0003719918570620493,-0.976331140263163,-12.535071753216485,0.0024354754188692005,-0.1735194690808952,-140.7052452007991,0.001992114293163164,0.0,0.0,-1.0912786570746868e-05,0.0
6.999999999999968,0.2988475317552436,-0.13315673345540155,0.0003719918570614927,-0.942014807040726,-12.535644833851912,0.0024347850935629487,-0.20785877808093695,-140.7092435784148,0.001992114288619201,0.0,0.0,-1.0732726619739243e-05,0.0
7.020833333333301,0.2988534011625901,-0.13314077514276398,0.0003719918570608764,-0.8881289160826927,-12.536210443862487,0.0024340899719049367,-0.2617672527171014,-140.71318736105286,0.0019921142837194504,0.0,0.0,-1.0554456499347435e-05,0.0
7.041666666666634,0.29885916901486553,-0.1331246691876683,0.00037199185706019404,-0.7950232066582903,-12.536768621444352,0.002433389927134636,-0.3548951550668739,-140.71707680911518,0.0019921142784317704,0.0,0.0,-1.037796309612543e-05,0.0
7.062499999999967,0.2988648396862291,-0.13310841558520498,0.00037199185705943846,-0.6131214725710943,-12.537319511016268,0.0024326849167432365,-0.5368187081571072,-140.72091319208576,0.0019921142727202428,0.0,0.0,-1.0203267498773268e-05,0.0
7.0833333333333,0.29887041628911,-0.13309201343670718,0.0003719918570586019,-0.23229388555190755,-12.537863223964049,0.0024319748746626977,-0.9176677522327336,-140.7246974647728,0.0019921142665445166,0.0,0.0,-1.0030379921155805e-05,0.0
7.104166666666633,0.29887590087771554,-0.13307546102602516,0.00037199185705767565,0.0,-12.538399844018794,0.002431259712374493,-1.1499827407983585,-140.72843031830917,0.0019921142598590944,0.0,0.0,-9.859301428117579e-06,0.0
7.124999999999966,0.2988812954808871,-0.1330587566116351,0.0003719918570566501,0.0,-12.538929454405046,0.002430539340585606,-1.1500034975757463,-140.73211243845006,0.001992114252612505,0.0,0.0,-9.690032778382695e-06,0.0
7.145833333333299,0.29888660210201956,-0.13304189842617098,0.00037199185705551473,0.0,-12.539452137837511,0.002429813669222606,-1.1500239158252434,-140.7357445055448,0.00199211424474632,0.0,0.0,-9.522574424259852e-06,0.0
7.166666666666632,0.29889182271897236,-0.1330248846759459,0.0003719918570542576,0.0,-12.539967976517769,0.0024290826073984917,-1.1500440031570618,-140.73932719450886,0.0019921142361939963,0.0,0.0,-9.356926511469025e-06,0.0
7.187499999999965,0.29889695928399185,-0.13300771354046273,0.00037199185705286597,0.0,-12.540477052131024,0.0024283460634020315,-1.150063767082835,-140.74286117479573,0.0019921142268795105,0.0,0.0,-9.193088879090897e-06,0.0
7.208333333333298,0.29890201372363745,-0.1329903831719142,0.00037199185705132516,0.0,-12.54097944584283,0.00242760394468385,-1.150083215015346,-140.74634711037072,0.001992114216715774,0.0,0.0,-9.031061059639579e-06,0.0
7.229166666666631,0.2989069879387143,-0.13297289169467122,0.0003719918570496194,0.0,-12.541475238295902,0.0024268561578274137,-1.1501023542683573,-140.74978565968502,0.0019921142056027567,0.0,0.0,-8.870842279259385e-06,0.0
7.2499999999999645,0.29891188380421047,-0.1329552372047603,0.00037199185704773097,0.0,-12.541964509606892,0.00242610260852949,-1.1501211920562449,-140.75317747564895,0.0019921141934253154,0.0,0.0,-8.712431458046112e-06,0.0
7.2708333333332975,0.2989167031692516,-0.13293741776932866,0.00037199185704564047,0.0,-12.542447339363235,0.0024253432015894916,-1.1501397354938494,-140.75652320560926,0.0019921141800506447,0.0,0.0,-8.555827210493384e-06,0.0
7.2916666666666305,0.29892144785704144,-0.13291943142609772,0.0003719918570433263,0.0,-12.54292380662,0.002424577840872466,-1.1501579915963036,-140.75982349132286,0.001992114165325325,0.0,0.0,-8.40102784606448e-06,0.0
7.312499999999964,0.29892611966482646,-0.13290127618280384,0.00037199185704076443,0.0,-12.543393989896778,0.0024238064292990322,-1.1501759672788683,-140.76307896893488,0.0019921141490718817,0.0,0.0,-8.248031369889862e-06,0.0
7.333333333333297,0.2989307203638627,-0.13288295001662648,0.00037199185703792854,0.0,-12.543857967174631,0.002423028868820213,-1.1501936693567925,-140.76629026895597,0.0019921141310848068,0.0,0.0,-8.096835483590768e-06,0.0
7.35416666666663,0.29893525169938595,-0.13286445087360302,0.0003719918570347893,0.0,-12.544315815893018,0.002422245060391681,-1.150211104545184,-140.76945801623972,0.001992114111125955,0.0,0.0,-7.94743758622892e-06,0.0
7.374999999999963,0.29893971539058684,-0.1328457766680308,0.0003719918570313144,0.0,-12.544767612946824,0.0024214549039474065,-1.1502282794590486,-140.7725828299626,0.001992114088919233,0.0,0.0,-7.799834775382451e-06,0.0
7.395833333333296,0.2989441131306141,-0.13282692528185447,0.00037199185702746794,0.0,-12.545213434683408,0.002420658298389,-1.1502452006129937,-140.775665323604,0.00199211406414449,0.0,0.0,-7.654023848348048e-06,0.0
7.416666666666629,0.2989484465865479,-0.13280789456403996,0.0003719918570232104,0.0,-12.54565335689966,0.002419855141540713,-1.1502618744214763,-140.7787061049258,0.001992114036430494,0.0,0.0,-7.510001303469132e-06,0.0
7.437499999999962,0.29895271739941665,-0.13278868232993346,0.00037199185701849785,0.0,-12.546087454839167,0.0024190453301438097,-1.1502783071986407,-140.7817057759552,0.001992114005346899,0.0,0.0,-7.367763341589983e-06,0.0
7.458333333333295,0.29895692718419625,-0.13276928636060564,0.0003719918570132818,0.0,-12.546515803189383,0.0024182287598094967,-1.1502945051584705,-140.78466493296614,0.001992113970395051,0.0,0.0,-7.2273058676354225e-06,0.0
7.479166666666628,0.298961077529833,-0.13274970440218048,0.0003719918570075085,0.0,-12.546938476078868,0.002417405325012704,-1.1503104744147497,-140.78758416646312,0.0019921139309975132,0.0,0.0,-7.088624492315732e-06,0.0
7.499999999999961,0.298965169999274,-0.13272993416514847,0.0003719918570011187,0.0,-12.54735554707457,0.0024165749190494523,-1.1503262209811589,-140.79046406116566,0.0019921138864861534,0.0,0.0,-6.951714533956327e-06,0.0
7.520833333333294,0.29896920612948774,-0.1327099733236634,0.00037199185699404643,0.0,-12.547767089179175,0.0024157374340146496,-1.150341750771577,-140.79330519599435,0.0019921138360886196,0.0,0.0,-6.816571020451641e-06,0.0
7.541666666666627,0.2989731874315233,-0.13268981951482275,0.0003719918569862193,0.0,-12.54817317482851,0.002414892760773668,-1.1503570695998981,-140.7961081440547,0.0019921137789130385,0.0,0.0,-6.683188691342566e-06,0.0
7.56249999999996,0.2989771153905372,-0.13266947033793083,0.00037199185697755664,0.0,-12.54857387588899,0.002414040788927115,-1.150372183180698,-140.79887347262593,0.001992113713930733,0.0,0.0,-6.551562000016709e-06,0.0
7.583333333333293,0.29898099146587676,-0.1326489233537445,0.00037199185696796963,0.0,-12.548969263655167,0.002413181406788626,-1.1503870971290409,-140.80160174314912,0.001992113639956753,0.0,0.0,-6.421685116030674e-06,0.0
7.604166666666626,0.2989848170911393,-0.1326281760837008,0.00037199185695735996,0.0,-12.549359408847298,0.002412314501342531,-1.1504018169609136,-140.804293511216,0.0019921135556279983,0.0,0.0,-6.293551927553374e-06,0.0
7.624999999999959,0.2989885936742425,-0.13260722600912586,0.0003719918569456185,0.0,-12.549744381609017,0.0024114399582195745,-1.1504163480936824,-140.80694932656016,0.0019921134593786846,0.0,0.0,-6.167156043929486e-06,0.0
7.645833333333292,0.29899232259752745,-0.1325860705704251,0.00037199185693262497,0.0,-12.55012425150505,0.002410557661662575,-1.1504306958460506,-140.809569733045,0.001992113349412911,0.0,0.0,-6.042490798361843e-06,0.0
7.666666666666625,0.29899600521784236,-0.13256470716625357,0.00037199185691824606,0.0,-12.550499087519007,0.0024096674944882324,-1.1504448654388124,-140.81215526866032,0.0019921132236740448,0.0,0.0,-5.919549250711645e-06,0.0
7.687499999999958,0.29899964286665703,-0.13254313315266616,0.0003719918569023346,0.0,-12.550868958051272,0.002408769338055746,-1.1504588619950442,-140.81470646551236,0.0019921130798106392,0.0,0.0,-5.798324190415176e-06,0.0
7.708333333333291,0.2990032368501798,-0.13252134584224728,0.00037199185688472735,0.0,-12.551233930916919,0.0024078630722318786,-1.1504726905406344,-140.8172238498196,0.001992112915138588,0.0,0.0,-5.678808139515698e-06,0.0
7.729166666666624,0.2990067884494834,-0.13249934250321888,0.000371991856865244,0.0,-12.551594073343747,0.0024069485753515827,-1.1504863560047776,-140.81970794190778,0.0019921127265991874,0.0,0.0,-5.5609933558090625e-06,0.0
7.749999999999957,0.2990102989206511,-0.13247712035852702,0.00037199185684368553,0.0,-12.551949451970394,0.002406025724176845,-1.1504998632204504,-140.822159256207,0.0019921125107127805,0.0,0.0,-5.4448718361014755e-06,0.0
7.77083333333329,0.2990137694949186,-0.13245467658490545,0.000371991856819831,0.0,-12.55230013284449,0.0024050943938661953,-1.1505132169251089,-140.82457830124832,0.0019921122635276323,0.0,0.0,-5.330435319577808e-06,0.0
7.791666666666623,0.2990172013788428,-0.13243200831191645,0.00037199185679343656,0.0,-12.552646181420936,0.0024041544579264476,-1.1505264217612117,-140.82696557966335,0.0019921119805636723,0.0,0.0,-5.21767529127876e-06,0.0
7.8124999999999565,0.2990205957544752,-0.13240911262096744,0.00037199185676423216,0.0,-12.552987662560248,0.0024032057881774684,-1.1505394822769048,-140.82932158818394,0.0019921116567507484,0.0,0.0,-5.106582985685064e-06,0.0
7.8333333333332895,0.299023953779546,-0.13238598654430306,0.0003719918567319197,0.0,-12.553324640526998,0.0024022482547083612,-1.1505524029267924,-140.83164681764265,0.001992111286360978,0.0,0.0,-4.997149390406833e-06,0.0
